{"__meta":{"schema_version":99,"schema_name":"StackedEnsembleModelV99","schema_type":"StackedEnsembleModel"},"model_id":{"__meta":{"schema_version":3,"schema_name":"ModelKeyV3","schema_type":"Key<Model>"},"name":"StackedEnsemble_AllModels_4_AutoML_2_20220315_103832","type":"Key<Model>","URL":"/3/Models/StackedEnsemble_AllModels_4_AutoML_2_20220315_103832"},"algo":"stackedensemble","algo_full_name":"Stacked Ensemble","response_column_name":"mu","treatment_column_name":null,"data_frame":{"__meta":{"schema_version":3,"schema_name":"FrameKeyV3","schema_type":"Key<Frame>"},"name":"AutoML_2_20220315_103832_training_RTMP_sid_8a2c_205","type":"Key<Frame>","URL":"/3/Frames/AutoML_2_20220315_103832_training_RTMP_sid_8a2c_205"},"timestamp":1647367405629,"have_pojo":false,"have_mojo":true,"algo":"stackedensemble","algo_full_name":"Stacked Ensemble","model_id":{"__meta":{"schema_version":3,"schema_name":"ModelKeyV3","schema_type":"Key<Model>"},"name":"StackedEnsemble_AllModels_4_AutoML_2_20220315_103832","type":"Key<Model>","URL":"/3/Models/StackedEnsemble_AllModels_4_AutoML_2_20220315_103832"},"parameters":[{"__meta":{"schema_version":3,"schema_name":"ModelParameterSchemaV3","schema_type":"Iced"},"name":"model_id","label":"model_id","help":"Destination id for this model; auto-generated if not specified.","required":false,"type":"Key<Model>","default_value":null,"actual_value":{"__meta":{"schema_version":3,"schema_name":"ModelKeyV3","schema_type":"Key<Model>"},"name":"StackedEnsemble_AllModels_4_AutoML_2_20220315_103832","type":"Key<Model>","URL":"/3/Models/StackedEnsemble_AllModels_4_AutoML_2_20220315_103832"},"input_value":null,"level":"critical","values":[],"is_member_of_frames":[],"is_mutually_exclusive_with":[],"gridable":false},{"__meta":{"schema_version":3,"schema_name":"ModelParameterSchemaV3","schema_type":"Iced"},"name":"training_frame","label":"training_frame","help":"Id of the training data frame.","required":false,"type":"Key<Frame>","default_value":null,"actual_value":{"__meta":{"schema_version":3,"schema_name":"FrameKeyV3","schema_type":"Key<Frame>"},"name":"AutoML_2_20220315_103832_training_RTMP_sid_8a2c_205","type":"Key<Frame>","URL":"/3/Frames/AutoML_2_20220315_103832_training_RTMP_sid_8a2c_205"},"input_value":{"__meta":{"schema_version":3,"schema_name":"FrameKeyV3","schema_type":"Key<Frame>"},"name":"AutoML_2_20220315_103832_training_RTMP_sid_8a2c_205","type":"Key<Frame>","URL":"/3/Frames/AutoML_2_20220315_103832_training_RTMP_sid_8a2c_205"},"level":"critical","values":[],"is_member_of_frames":[],"is_mutually_exclusive_with":[],"gridable":false},{"__meta":{"schema_version":3,"schema_name":"ModelParameterSchemaV3","schema_type":"Iced"},"name":"response_column","label":"response_column","help":"Response variable column.","required":false,"type":"VecSpecifier","default_value":null,"actual_value":{"__meta":{"schema_version":3,"schema_name":"ColSpecifierV3","schema_type":"VecSpecifier"},"column_name":"mu","is_member_of_frames":null},"input_value":{"__meta":{"schema_version":3,"schema_name":"ColSpecifierV3","schema_type":"VecSpecifier"},"column_name":"mu","is_member_of_frames":null},"level":"critical","values":[],"is_member_of_frames":["training_frame","validation_frame"],"is_mutually_exclusive_with":["weights_column","ignored_columns","offset_column","metalearner_fold_column"],"gridable":true},{"__meta":{"schema_version":3,"schema_name":"ModelParameterSchemaV3","schema_type":"Iced"},"name":"validation_frame","label":"validation_frame","help":"Id of the validation data frame.","required":false,"type":"Key<Frame>","default_value":null,"actual_value":null,"input_value":null,"level":"critical","values":[],"is_member_of_frames":[],"is_mutually_exclusive_with":[],"gridable":true},{"__meta":{"schema_version":3,"schema_name":"ModelParameterSchemaV3","schema_type":"Iced"},"name":"blending_frame","label":"blending_frame","help":"Frame used to compute the predictions that serve as the training frame for the metalearner (triggers blending mode if provided)","required":false,"type":"Key<Frame>","default_value":null,"actual_value":null,"input_value":null,"level":"critical","values":[],"is_member_of_frames":[],"is_mutually_exclusive_with":[],"gridable":false},{"__meta":{"schema_version":3,"schema_name":"ModelParameterSchemaV3","schema_type":"Iced"},"name":"base_models","label":"base_models","help":"List of models or grids (or their ids) to ensemble/stack together. Grids are expanded to individual models. If not using blending frame, then models must have been cross-validated using nfolds > 1, and folds must be identical across models.","required":true,"type":"Key<Keyed>[]","default_value":[],"actual_value":[{"__meta":{"schema_version":3,"schema_name":"KeyV3","schema_type":"Key<Keyed>"},"name":"GBM_2_AutoML_2_20220315_103832","type":"Key<Keyed>","URL":null},{"__meta":{"schema_version":3,"schema_name":"KeyV3","schema_type":"Key<Keyed>"},"name":"GBM_3_AutoML_2_20220315_103832","type":"Key<Keyed>","URL":null},{"__meta":{"schema_version":3,"schema_name":"KeyV3","schema_type":"Key<Keyed>"},"name":"GBM_5_AutoML_2_20220315_103832","type":"Key<Keyed>","URL":null},{"__meta":{"schema_version":3,"schema_name":"KeyV3","schema_type":"Key<Keyed>"},"name":"GBM_grid_1_AutoML_2_20220315_103832_model_2","type":"Key<Keyed>","URL":null},{"__meta":{"schema_version":3,"schema_name":"KeyV3","schema_type":"Key<Keyed>"},"name":"GBM_grid_1_AutoML_2_20220315_103832_model_3","type":"Key<Keyed>","URL":null},{"__meta":{"schema_version":3,"schema_name":"KeyV3","schema_type":"Key<Keyed>"},"name":"GBM_grid_1_AutoML_2_20220315_103832_model_15","type":"Key<Keyed>","URL":null},{"__meta":{"schema_version":3,"schema_name":"KeyV3","schema_type":"Key<Keyed>"},"name":"GBM_4_AutoML_2_20220315_103832","type":"Key<Keyed>","URL":null},{"__meta":{"schema_version":3,"schema_name":"KeyV3","schema_type":"Key<Keyed>"},"name":"GBM_grid_1_AutoML_2_20220315_103832_model_8","type":"Key<Keyed>","URL":null},{"__meta":{"schema_version":3,"schema_name":"KeyV3","schema_type":"Key<Keyed>"},"name":"GBM_grid_1_AutoML_2_20220315_103832_model_6","type":"Key<Keyed>","URL":null},{"__meta":{"schema_version":3,"schema_name":"KeyV3","schema_type":"Key<Keyed>"},"name":"GBM_grid_1_AutoML_2_20220315_103832_model_9","type":"Key<Keyed>","URL":null},{"__meta":{"schema_version":3,"schema_name":"KeyV3","schema_type":"Key<Keyed>"},"name":"DeepLearning_1_AutoML_2_20220315_103832","type":"Key<Keyed>","URL":null},{"__meta":{"schema_version":3,"schema_name":"KeyV3","schema_type":"Key<Keyed>"},"name":"GBM_grid_1_AutoML_2_20220315_103832_model_5","type":"Key<Keyed>","URL":null},{"__meta":{"schema_version":3,"schema_name":"KeyV3","schema_type":"Key<Keyed>"},"name":"GBM_1_AutoML_2_20220315_103832","type":"Key<Keyed>","URL":null},{"__meta":{"schema_version":3,"schema_name":"KeyV3","schema_type":"Key<Keyed>"},"name":"GBM_grid_1_AutoML_2_20220315_103832_model_13","type":"Key<Keyed>","URL":null},{"__meta":{"schema_version":3,"schema_name":"KeyV3","schema_type":"Key<Keyed>"},"name":"GBM_grid_1_AutoML_2_20220315_103832_model_4","type":"Key<Keyed>","URL":null},{"__meta":{"schema_version":3,"schema_name":"KeyV3","schema_type":"Key<Keyed>"},"name":"GBM_grid_1_AutoML_2_20220315_103832_model_10","type":"Key<Keyed>","URL":null},{"__meta":{"schema_version":3,"schema_name":"KeyV3","schema_type":"Key<Keyed>"},"name":"DRF_1_AutoML_2_20220315_103832","type":"Key<Keyed>","URL":null},{"__meta":{"schema_version":3,"schema_name":"KeyV3","schema_type":"Key<Keyed>"},"name":"GBM_grid_1_AutoML_2_20220315_103832_model_1","type":"Key<Keyed>","URL":null},{"__meta":{"schema_version":3,"schema_name":"KeyV3","schema_type":"Key<Keyed>"},"name":"GBM_grid_1_AutoML_2_20220315_103832_model_7","type":"Key<Keyed>","URL":null},{"__meta":{"schema_version":3,"schema_name":"KeyV3","schema_type":"Key<Keyed>"},"name":"GBM_grid_1_AutoML_2_20220315_103832_model_16","type":"Key<Keyed>","URL":null},{"__meta":{"schema_version":3,"schema_name":"KeyV3","schema_type":"Key<Keyed>"},"name":"GBM_grid_1_AutoML_2_20220315_103832_model_14","type":"Key<Keyed>","URL":null},{"__meta":{"schema_version":3,"schema_name":"KeyV3","schema_type":"Key<Keyed>"},"name":"GBM_grid_1_AutoML_2_20220315_103832_model_12","type":"Key<Keyed>","URL":null},{"__meta":{"schema_version":3,"schema_name":"KeyV3","schema_type":"Key<Keyed>"},"name":"GBM_grid_1_AutoML_2_20220315_103832_model_17","type":"Key<Keyed>","URL":null},{"__meta":{"schema_version":3,"schema_name":"KeyV3","schema_type":"Key<Keyed>"},"name":"XRT_1_AutoML_2_20220315_103832","type":"Key<Keyed>","URL":null},{"__meta":{"schema_version":3,"schema_name":"KeyV3","schema_type":"Key<Keyed>"},"name":"DeepLearning_grid_2_AutoML_2_20220315_103832_model_2","type":"Key<Keyed>","URL":null},{"__meta":{"schema_version":3,"schema_name":"KeyV3","schema_type":"Key<Keyed>"},"name":"GBM_grid_1_AutoML_2_20220315_103832_model_11","type":"Key<Keyed>","URL":null},{"__meta":{"schema_version":3,"schema_name":"KeyV3","schema_type":"Key<Keyed>"},"name":"DeepLearning_grid_1_AutoML_2_20220315_103832_model_1","type":"Key<Keyed>","URL":null},{"__meta":{"schema_version":3,"schema_name":"KeyV3","schema_type":"Key<Keyed>"},"name":"DeepLearning_grid_2_AutoML_2_20220315_103832_model_1","type":"Key<Keyed>","URL":null},{"__meta":{"schema_version":3,"schema_name":"KeyV3","schema_type":"Key<Keyed>"},"name":"GLM_1_AutoML_2_20220315_103832","type":"Key<Keyed>","URL":null},{"__meta":{"schema_version":3,"schema_name":"KeyV3","schema_type":"Key<Keyed>"},"name":"DeepLearning_grid_3_AutoML_2_20220315_103832_model_2","type":"Key<Keyed>","URL":null},{"__meta":{"schema_version":3,"schema_name":"KeyV3","schema_type":"Key<Keyed>"},"name":"DeepLearning_grid_3_AutoML_2_20220315_103832_model_1","type":"Key<Keyed>","URL":null},{"__meta":{"schema_version":3,"schema_name":"KeyV3","schema_type":"Key<Keyed>"},"name":"GBM_grid_1_AutoML_2_20220315_103832_model_18","type":"Key<Keyed>","URL":null}],"input_value":[{"__meta":{"schema_version":3,"schema_name":"KeyV3","schema_type":"Key<Keyed>"},"name":"GBM_2_AutoML_2_20220315_103832","type":"Key<Keyed>","URL":null},{"__meta":{"schema_version":3,"schema_name":"KeyV3","schema_type":"Key<Keyed>"},"name":"GBM_3_AutoML_2_20220315_103832","type":"Key<Keyed>","URL":null},{"__meta":{"schema_version":3,"schema_name":"KeyV3","schema_type":"Key<Keyed>"},"name":"GBM_5_AutoML_2_20220315_103832","type":"Key<Keyed>","URL":null},{"__meta":{"schema_version":3,"schema_name":"KeyV3","schema_type":"Key<Keyed>"},"name":"GBM_grid_1_AutoML_2_20220315_103832_model_2","type":"Key<Keyed>","URL":null},{"__meta":{"schema_version":3,"schema_name":"KeyV3","schema_type":"Key<Keyed>"},"name":"GBM_grid_1_AutoML_2_20220315_103832_model_3","type":"Key<Keyed>","URL":null},{"__meta":{"schema_version":3,"schema_name":"KeyV3","schema_type":"Key<Keyed>"},"name":"GBM_grid_1_AutoML_2_20220315_103832_model_15","type":"Key<Keyed>","URL":null},{"__meta":{"schema_version":3,"schema_name":"KeyV3","schema_type":"Key<Keyed>"},"name":"GBM_4_AutoML_2_20220315_103832","type":"Key<Keyed>","URL":null},{"__meta":{"schema_version":3,"schema_name":"KeyV3","schema_type":"Key<Keyed>"},"name":"GBM_grid_1_AutoML_2_20220315_103832_model_8","type":"Key<Keyed>","URL":null},{"__meta":{"schema_version":3,"schema_name":"KeyV3","schema_type":"Key<Keyed>"},"name":"GBM_grid_1_AutoML_2_20220315_103832_model_6","type":"Key<Keyed>","URL":null},{"__meta":{"schema_version":3,"schema_name":"KeyV3","schema_type":"Key<Keyed>"},"name":"GBM_grid_1_AutoML_2_20220315_103832_model_9","type":"Key<Keyed>","URL":null},{"__meta":{"schema_version":3,"schema_name":"KeyV3","schema_type":"Key<Keyed>"},"name":"DeepLearning_1_AutoML_2_20220315_103832","type":"Key<Keyed>","URL":null},{"__meta":{"schema_version":3,"schema_name":"KeyV3","schema_type":"Key<Keyed>"},"name":"GBM_grid_1_AutoML_2_20220315_103832_model_5","type":"Key<Keyed>","URL":null},{"__meta":{"schema_version":3,"schema_name":"KeyV3","schema_type":"Key<Keyed>"},"name":"GBM_1_AutoML_2_20220315_103832","type":"Key<Keyed>","URL":null},{"__meta":{"schema_version":3,"schema_name":"KeyV3","schema_type":"Key<Keyed>"},"name":"GBM_grid_1_AutoML_2_20220315_103832_model_13","type":"Key<Keyed>","URL":null},{"__meta":{"schema_version":3,"schema_name":"KeyV3","schema_type":"Key<Keyed>"},"name":"GBM_grid_1_AutoML_2_20220315_103832_model_4","type":"Key<Keyed>","URL":null},{"__meta":{"schema_version":3,"schema_name":"KeyV3","schema_type":"Key<Keyed>"},"name":"GBM_grid_1_AutoML_2_20220315_103832_model_10","type":"Key<Keyed>","URL":null},{"__meta":{"schema_version":3,"schema_name":"KeyV3","schema_type":"Key<Keyed>"},"name":"DRF_1_AutoML_2_20220315_103832","type":"Key<Keyed>","URL":null},{"__meta":{"schema_version":3,"schema_name":"KeyV3","schema_type":"Key<Keyed>"},"name":"GBM_grid_1_AutoML_2_20220315_103832_model_1","type":"Key<Keyed>","URL":null},{"__meta":{"schema_version":3,"schema_name":"KeyV3","schema_type":"Key<Keyed>"},"name":"GBM_grid_1_AutoML_2_20220315_103832_model_7","type":"Key<Keyed>","URL":null},{"__meta":{"schema_version":3,"schema_name":"KeyV3","schema_type":"Key<Keyed>"},"name":"GBM_grid_1_AutoML_2_20220315_103832_model_16","type":"Key<Keyed>","URL":null},{"__meta":{"schema_version":3,"schema_name":"KeyV3","schema_type":"Key<Keyed>"},"name":"GBM_grid_1_AutoML_2_20220315_103832_model_14","type":"Key<Keyed>","URL":null},{"__meta":{"schema_version":3,"schema_name":"KeyV3","schema_type":"Key<Keyed>"},"name":"GBM_grid_1_AutoML_2_20220315_103832_model_12","type":"Key<Keyed>","URL":null},{"__meta":{"schema_version":3,"schema_name":"KeyV3","schema_type":"Key<Keyed>"},"name":"GBM_grid_1_AutoML_2_20220315_103832_model_17","type":"Key<Keyed>","URL":null},{"__meta":{"schema_version":3,"schema_name":"KeyV3","schema_type":"Key<Keyed>"},"name":"XRT_1_AutoML_2_20220315_103832","type":"Key<Keyed>","URL":null},{"__meta":{"schema_version":3,"schema_name":"KeyV3","schema_type":"Key<Keyed>"},"name":"DeepLearning_grid_2_AutoML_2_20220315_103832_model_2","type":"Key<Keyed>","URL":null},{"__meta":{"schema_version":3,"schema_name":"KeyV3","schema_type":"Key<Keyed>"},"name":"GBM_grid_1_AutoML_2_20220315_103832_model_11","type":"Key<Keyed>","URL":null},{"__meta":{"schema_version":3,"schema_name":"KeyV3","schema_type":"Key<Keyed>"},"name":"DeepLearning_grid_1_AutoML_2_20220315_103832_model_1","type":"Key<Keyed>","URL":null},{"__meta":{"schema_version":3,"schema_name":"KeyV3","schema_type":"Key<Keyed>"},"name":"DeepLearning_grid_2_AutoML_2_20220315_103832_model_1","type":"Key<Keyed>","URL":null},{"__meta":{"schema_version":3,"schema_name":"KeyV3","schema_type":"Key<Keyed>"},"name":"GLM_1_AutoML_2_20220315_103832","type":"Key<Keyed>","URL":null},{"__meta":{"schema_version":3,"schema_name":"KeyV3","schema_type":"Key<Keyed>"},"name":"DeepLearning_grid_3_AutoML_2_20220315_103832_model_2","type":"Key<Keyed>","URL":null},{"__meta":{"schema_version":3,"schema_name":"KeyV3","schema_type":"Key<Keyed>"},"name":"DeepLearning_grid_3_AutoML_2_20220315_103832_model_1","type":"Key<Keyed>","URL":null},{"__meta":{"schema_version":3,"schema_name":"KeyV3","schema_type":"Key<Keyed>"},"name":"GBM_grid_1_AutoML_2_20220315_103832_model_18","type":"Key<Keyed>","URL":null}],"level":"critical","values":[],"is_member_of_frames":[],"is_mutually_exclusive_with":[],"gridable":false},{"__meta":{"schema_version":3,"schema_name":"ModelParameterSchemaV3","schema_type":"Iced"},"name":"metalearner_algorithm","label":"metalearner_algorithm","help":"Type of algorithm to use as the metalearner. Options include 'AUTO' (GLM with non negative weights; if validation_frame is present, a lambda search is performed), 'deeplearning' (Deep Learning with default parameters), 'drf' (Random Forest with default parameters), 'gbm' (GBM with default parameters), 'glm' (GLM with default parameters), 'naivebayes' (NaiveBayes with default parameters), or 'xgboost' (if available, XGBoost with default parameters).","required":false,"type":"enum","default_value":"AUTO","actual_value":"glm","input_value":"AUTO","level":"critical","values":["AUTO","deeplearning","drf","gbm","glm","naivebayes","xgboost"],"is_member_of_frames":[],"is_mutually_exclusive_with":[],"gridable":false},{"__meta":{"schema_version":3,"schema_name":"ModelParameterSchemaV3","schema_type":"Iced"},"name":"metalearner_nfolds","label":"metalearner_nfolds","help":"Number of folds for K-fold cross-validation of the metalearner algorithm (0 to disable or >= 2).","required":false,"type":"int","default_value":0,"actual_value":10,"input_value":10,"level":"critical","values":[],"is_member_of_frames":[],"is_mutually_exclusive_with":[],"gridable":false},{"__meta":{"schema_version":3,"schema_name":"ModelParameterSchemaV3","schema_type":"Iced"},"name":"metalearner_fold_assignment","label":"metalearner_fold_assignment","help":"Cross-validation fold assignment scheme for metalearner cross-validation.  Defaults to AUTO (which is currently set to Random). The 'Stratified' option will stratify the folds based on the response variable, for classification problems.","required":false,"type":"enum","default_value":null,"actual_value":null,"input_value":null,"level":"secondary","values":["AUTO","Random","Modulo","Stratified"],"is_member_of_frames":[],"is_mutually_exclusive_with":[],"gridable":false},{"__meta":{"schema_version":3,"schema_name":"ModelParameterSchemaV3","schema_type":"Iced"},"name":"metalearner_fold_column","label":"metalearner_fold_column","help":"Column with cross-validation fold index assignment per observation for cross-validation of the metalearner.","required":false,"type":"VecSpecifier","default_value":null,"actual_value":null,"input_value":null,"level":"secondary","values":[],"is_member_of_frames":["training_frame"],"is_mutually_exclusive_with":["response_column","ignored_columns"],"gridable":false},{"__meta":{"schema_version":3,"schema_name":"ModelParameterSchemaV3","schema_type":"Iced"},"name":"metalearner_params","label":"metalearner_params","help":"Parameters for metalearner algorithm","required":false,"type":"string","default_value":"","actual_value":"","input_value":"","level":"critical","values":[],"is_member_of_frames":[],"is_mutually_exclusive_with":[],"gridable":false},{"__meta":{"schema_version":3,"schema_name":"ModelParameterSchemaV3","schema_type":"Iced"},"name":"metalearner_transform","label":"metalearner_transform","help":"Transformation used for the level one frame.","required":false,"type":"enum","default_value":"NONE","actual_value":"NONE","input_value":"NONE","level":"critical","values":["NONE","Logit"],"is_member_of_frames":[],"is_mutually_exclusive_with":[],"gridable":false},{"__meta":{"schema_version":3,"schema_name":"ModelParameterSchemaV3","schema_type":"Iced"},"name":"max_runtime_secs","label":"max_runtime_secs","help":"Maximum allowed runtime in seconds for model training. Use 0 to disable.","required":false,"type":"double","default_value":0.0,"actual_value":12.455,"input_value":12.455,"level":"secondary","values":[],"is_member_of_frames":[],"is_mutually_exclusive_with":[],"gridable":true},{"__meta":{"schema_version":3,"schema_name":"ModelParameterSchemaV3","schema_type":"Iced"},"name":"weights_column","label":"weights_column","help":"Column with observation weights. Giving some observation a weight of zero is equivalent to excluding it from the dataset; giving an observation a relative weight of 2 is equivalent to repeating that row twice. Negative weights are not allowed. Note: Weights are per-row observation weights and do not increase the size of the data frame. This is typically the number of times a row is repeated, but non-integer values are supported as well. During training, rows with higher weights matter more, due to the larger loss function pre-factor. If you set weight = 0 for a row, the returned prediction frame at that row is zero and this is incorrect. To get an accurate prediction, remove all rows with weight == 0.","required":false,"type":"VecSpecifier","default_value":null,"actual_value":null,"input_value":null,"level":"secondary","values":[],"is_member_of_frames":["training_frame","validation_frame"],"is_mutually_exclusive_with":["response_column","ignored_columns","offset_column","metalearner_fold_column"],"gridable":true},{"__meta":{"schema_version":3,"schema_name":"ModelParameterSchemaV3","schema_type":"Iced"},"name":"offset_column","label":"offset_column","help":"Offset column. This will be added to the combination of columns before applying the link function.","required":false,"type":"VecSpecifier","default_value":null,"actual_value":null,"input_value":null,"level":"secondary","values":[],"is_member_of_frames":["training_frame","validation_frame"],"is_mutually_exclusive_with":["response_column","weights_column","ignored_columns","metalearner_fold_column"],"gridable":true},{"__meta":{"schema_version":3,"schema_name":"ModelParameterSchemaV3","schema_type":"Iced"},"name":"seed","label":"seed","help":"Seed for random numbers; passed through to the metalearner algorithm. Defaults to -1 (time-based random number)","required":false,"type":"long","default_value":-1,"actual_value":-955083676450314589,"input_value":-1,"level":"critical","values":[],"is_member_of_frames":[],"is_mutually_exclusive_with":[],"gridable":true},{"__meta":{"schema_version":3,"schema_name":"ModelParameterSchemaV3","schema_type":"Iced"},"name":"score_training_samples","label":"score_training_samples","help":"Specify the number of training set samples for scoring. The value must be >= 0. To use all training samples, enter 0.","required":false,"type":"long","default_value":10000,"actual_value":10000,"input_value":10000,"level":"secondary","values":[],"is_member_of_frames":[],"is_mutually_exclusive_with":[],"gridable":false},{"__meta":{"schema_version":3,"schema_name":"ModelParameterSchemaV3","schema_type":"Iced"},"name":"keep_levelone_frame","label":"keep_levelone_frame","help":"Keep level one frame used for metalearner training.","required":false,"type":"boolean","default_value":false,"actual_value":true,"input_value":true,"level":"secondary","values":[],"is_member_of_frames":[],"is_mutually_exclusive_with":[],"gridable":false},{"__meta":{"schema_version":3,"schema_name":"ModelParameterSchemaV3","schema_type":"Iced"},"name":"export_checkpoints_dir","label":"export_checkpoints_dir","help":"Automatically export generated models to this directory.","required":false,"type":"string","default_value":null,"actual_value":null,"input_value":null,"level":"secondary","values":[],"is_member_of_frames":[],"is_mutually_exclusive_with":[],"gridable":false},{"__meta":{"schema_version":3,"schema_name":"ModelParameterSchemaV3","schema_type":"Iced"},"name":"auc_type","label":"auc_type","help":"Set default multinomial AUC type.","required":false,"type":"enum","default_value":"AUTO","actual_value":"AUTO","input_value":"AUTO","level":"secondary","values":["AUTO","NONE","MACRO_OVR","WEIGHTED_OVR","MACRO_OVO","WEIGHTED_OVO"],"is_member_of_frames":[],"is_mutually_exclusive_with":[],"gridable":true}],"output":{"__meta":{"schema_version":99,"schema_name":"StackedEnsembleModelOutputV99","schema_type":"StackedEnsembleOutput"},"names":["Charge","Pep_aIndex","Pep_predicted_charge","PeP_pI","Pep_InstabilityIndex","Pep_hydrophobicity","Pep_MW","Pep_length","X1","X2","X3","X4","X5","X6","X7","X8","X9","X10","X11","X12","X13","X14","X15","X16","X17","X18","PP1","PP2","PP3","F1","F2","F3","F4","F5","F6","Pep_hmoment100","Pep_hmoment160","KF1","KF2","KF3","KF4","KF5","KF6","KF7","KF8","KF9","KF10","MSWHIM1","MSWHIM2","MSWHIM3","ST1","ST2","ST3","ST4","ST5","ST6","ST7","ST8","T1","T2","T3","T4","T5","VHSE1","VHSE2","VHSE3","VHSE4","VHSE5","VHSE6","VHSE7","VHSE8","Z1","Z2","Z3","Z4","Z5","mu"],"original_names":null,"column_types":["Numeric","Numeric","Numeric","Numeric","Numeric","Numeric","Numeric","Numeric","Numeric","Numeric","Numeric","Numeric","Numeric","Numeric","Numeric","Numeric","Numeric","Numeric","Numeric","Numeric","Numeric","Numeric","Numeric","Numeric","Numeric","Numeric","Numeric","Numeric","Numeric","Numeric","Numeric","Numeric","Numeric","Numeric","Numeric","Numeric","Numeric","Numeric","Numeric","Numeric","Numeric","Numeric","Numeric","Numeric","Numeric","Numeric","Numeric","Numeric","Numeric","Numeric","Numeric","Numeric","Numeric","Numeric","Numeric","Numeric","Numeric","Numeric","Numeric","Numeric","Numeric","Numeric","Numeric","Numeric","Numeric","Numeric","Numeric","Numeric","Numeric","Numeric","Numeric","Numeric","Numeric","Numeric","Numeric","Numeric","Numeric"],"domains":[null,null,null,null,null,null,null,null,null,null,null,null,null,null,null,null,null,null,null,null,null,null,null,null,null,null,null,null,null,null,null,null,null,null,null,null,null,null,null,null,null,null,null,null,null,null,null,null,null,null,null,null,null,null,null,null,null,null,null,null,null,null,null,null,null,null,null,null,null,null,null,null,null,null,null,null,null],"cross_validation_models":null,"cross_validation_predictions":null,"cross_validation_holdout_predictions_frame_id":null,"cross_validation_fold_assignment_frame_id":null,"model_category":"Regression","model_summary":null,"scoring_history":null,"cv_scoring_history":null,"reproducibility_information_table":[{"__meta":{"schema_version":3,"schema_name":"TwoDimTableV3","schema_type":"TwoDimTable"},"name":"Node Information","description":"","columns":[{"__meta":{"schema_version":-1,"schema_name":"ColumnSpecsBase","schema_type":"Iced"},"name":"","type":"string","format":"%s","description":""},{"__meta":{"schema_version":-1,"schema_name":"ColumnSpecsBase","schema_type":"Iced"},"name":"node","type":"int","format":"%d","description":"node"},{"__meta":{"schema_version":-1,"schema_name":"ColumnSpecsBase","schema_type":"Iced"},"name":"h2o","type":"string","format":"%s","description":"h2o"},{"__meta":{"schema_version":-1,"schema_name":"ColumnSpecsBase","schema_type":"Iced"},"name":"healthy","type":"string","format":"%s","description":"healthy"},{"__meta":{"schema_version":-1,"schema_name":"ColumnSpecsBase","schema_type":"Iced"},"name":"last_ping","type":"string","format":"%s","description":"last_ping"},{"__meta":{"schema_version":-1,"schema_name":"ColumnSpecsBase","schema_type":"Iced"},"name":"num_cpus","type":"int","format":"%d","description":"num_cpus"},{"__meta":{"schema_version":-1,"schema_name":"ColumnSpecsBase","schema_type":"Iced"},"name":"sys_load","type":"double","format":"%.5f","description":"sys_load"},{"__meta":{"schema_version":-1,"schema_name":"ColumnSpecsBase","schema_type":"Iced"},"name":"mem_value_size","type":"long","format":"%d","description":"mem_value_size"},{"__meta":{"schema_version":-1,"schema_name":"ColumnSpecsBase","schema_type":"Iced"},"name":"free_mem","type":"long","format":"%d","description":"free_mem"},{"__meta":{"schema_version":-1,"schema_name":"ColumnSpecsBase","schema_type":"Iced"},"name":"pojo_mem","type":"long","format":"%d","description":"pojo_mem"},{"__meta":{"schema_version":-1,"schema_name":"ColumnSpecsBase","schema_type":"Iced"},"name":"swap_mem","type":"long","format":"%d","description":"swap_mem"},{"__meta":{"schema_version":-1,"schema_name":"ColumnSpecsBase","schema_type":"Iced"},"name":"free_disc","type":"long","format":"%d","description":"free_disc"},{"__meta":{"schema_version":-1,"schema_name":"ColumnSpecsBase","schema_type":"Iced"},"name":"max_disc","type":"long","format":"%d","description":"max_disc"},{"__meta":{"schema_version":-1,"schema_name":"ColumnSpecsBase","schema_type":"Iced"},"name":"pid","type":"int","format":"%d","description":"pid"},{"__meta":{"schema_version":-1,"schema_name":"ColumnSpecsBase","schema_type":"Iced"},"name":"num_keys","type":"int","format":"%d","description":"num_keys"},{"__meta":{"schema_version":-1,"schema_name":"ColumnSpecsBase","schema_type":"Iced"},"name":"tcps_active","type":"string","format":"%s","description":"tcps_active"},{"__meta":{"schema_version":-1,"schema_name":"ColumnSpecsBase","schema_type":"Iced"},"name":"open_fds","type":"int","format":"%d","description":"open_fds"},{"__meta":{"schema_version":-1,"schema_name":"ColumnSpecsBase","schema_type":"Iced"},"name":"rpcs_active","type":"string","format":"%s","description":"rpcs_active"},{"__meta":{"schema_version":-1,"schema_name":"ColumnSpecsBase","schema_type":"Iced"},"name":"nthreads","type":"int","format":"%d","description":"nthreads"},{"__meta":{"schema_version":-1,"schema_name":"ColumnSpecsBase","schema_type":"Iced"},"name":"is_leader","type":"string","format":"%s","description":"is_leader"},{"__meta":{"schema_version":-1,"schema_name":"ColumnSpecsBase","schema_type":"Iced"},"name":"total_mem","type":"long","format":"%d","description":"total_mem"},{"__meta":{"schema_version":-1,"schema_name":"ColumnSpecsBase","schema_type":"Iced"},"name":"max_mem","type":"long","format":"%d","description":"max_mem"},{"__meta":{"schema_version":-1,"schema_name":"ColumnSpecsBase","schema_type":"Iced"},"name":"java_version","type":"string","format":"%s","description":"java_version"},{"__meta":{"schema_version":-1,"schema_name":"ColumnSpecsBase","schema_type":"Iced"},"name":"jvm_launch_parameters","type":"string","format":"%s","description":"jvm_launch_parameters"},{"__meta":{"schema_version":-1,"schema_name":"ColumnSpecsBase","schema_type":"Iced"},"name":"os_version","type":"string","format":"%s","description":"os_version"},{"__meta":{"schema_version":-1,"schema_name":"ColumnSpecsBase","schema_type":"Iced"},"name":"machine_physical_mem","type":"long","format":"%d","description":"machine_physical_mem"},{"__meta":{"schema_version":-1,"schema_name":"ColumnSpecsBase","schema_type":"Iced"},"name":"machine_locale","type":"string","format":"%s","description":"machine_locale"}],"rowcount":1,"data":[[""],[0],["127.0.0.1:54321"],["true"],["1647367400107"],[12],[0.22121572],[589990866],[37225060338],[362552380],[0],[39195770880],[248934039552],[17000],[29236],["\u0000"],[-1],["\u0000"],[12],["true"],[12116819968],[38177603584],["Java 1.8.0_231 (from Oracle Corporation)"],["[-Xmx40g, -ea]"],["Windows 10 10.0 (amd64)"],[68564684800],["en_US"]]},{"__meta":{"schema_version":3,"schema_name":"TwoDimTableV3","schema_type":"TwoDimTable"},"name":"Cluster Configuration","description":"","columns":[{"__meta":{"schema_version":-1,"schema_name":"ColumnSpecsBase","schema_type":"Iced"},"name":"","type":"string","format":"%s","description":""},{"__meta":{"schema_version":-1,"schema_name":"ColumnSpecsBase","schema_type":"Iced"},"name":"h2o_cluster_uptime","type":"long","format":"%d","description":"H2O cluster uptime"},{"__meta":{"schema_version":-1,"schema_name":"ColumnSpecsBase","schema_type":"Iced"},"name":"h2o_cluster_timezone","type":"string","format":"%s","description":"H2O cluster timezone"},{"__meta":{"schema_version":-1,"schema_name":"ColumnSpecsBase","schema_type":"Iced"},"name":"h2o_data_parsing_timezone","type":"string","format":"%s","description":"H2O data parsing timezone"},{"__meta":{"schema_version":-1,"schema_name":"ColumnSpecsBase","schema_type":"Iced"},"name":"h2o_cluster_version","type":"string","format":"%s","description":"H2O cluster version"},{"__meta":{"schema_version":-1,"schema_name":"ColumnSpecsBase","schema_type":"Iced"},"name":"h2o_cluster_version_age","type":"string","format":"%s","description":"H2O cluster version age"},{"__meta":{"schema_version":-1,"schema_name":"ColumnSpecsBase","schema_type":"Iced"},"name":"h2o_cluster_name","type":"string","format":"%s","description":"H2O cluster name"},{"__meta":{"schema_version":-1,"schema_name":"ColumnSpecsBase","schema_type":"Iced"},"name":"h2o_cluster_total_nodes","type":"int","format":"%d","description":"H2O cluster total nodes"},{"__meta":{"schema_version":-1,"schema_name":"ColumnSpecsBase","schema_type":"Iced"},"name":"h2o_cluster_free_memory","type":"long","format":"%d","description":"H2O cluster free memory"},{"__meta":{"schema_version":-1,"schema_name":"ColumnSpecsBase","schema_type":"Iced"},"name":"h2o_cluster_total_cores","type":"int","format":"%d","description":"H2O cluster total cores"},{"__meta":{"schema_version":-1,"schema_name":"ColumnSpecsBase","schema_type":"Iced"},"name":"h2o_cluster_allowed_cores","type":"int","format":"%d","description":"H2O cluster allowed cores"},{"__meta":{"schema_version":-1,"schema_name":"ColumnSpecsBase","schema_type":"Iced"},"name":"h2o_cluster_status","type":"string","format":"%s","description":"H2O cluster status"},{"__meta":{"schema_version":-1,"schema_name":"ColumnSpecsBase","schema_type":"Iced"},"name":"h2o_internal_security","type":"string","format":"%s","description":"H2O internal security"},{"__meta":{"schema_version":-1,"schema_name":"ColumnSpecsBase","schema_type":"Iced"},"name":"h2o_api_extensions","type":"string","format":"%s","description":"H2O API Extensions"}],"rowcount":1,"data":[[""],[3879998],["America/Los_Angeles"],["UTC"],["3.36.0.1"],["2 months and 14 days"],["H2O_started_from_R_Weixi_wfa076"],[1],[37225060338],[12],[12],["locked, healthly"],["false"],["Amazon S3, Algos, Infogram, AutoML, Core V3, TargetEncoder, Core V4"]]},{"__meta":{"schema_version":3,"schema_name":"TwoDimTableV3","schema_type":"TwoDimTable"},"name":"Input Frames Information","description":"","columns":[{"__meta":{"schema_version":-1,"schema_name":"ColumnSpecsBase","schema_type":"Iced"},"name":"","type":"string","format":"%s","description":""},{"__meta":{"schema_version":-1,"schema_name":"ColumnSpecsBase","schema_type":"Iced"},"name":"input_frame","type":"string","format":"%s","description":"Input Frame"},{"__meta":{"schema_version":-1,"schema_name":"ColumnSpecsBase","schema_type":"Iced"},"name":"checksum","type":"long","format":"%d","description":"Checksum"},{"__meta":{"schema_version":-1,"schema_name":"ColumnSpecsBase","schema_type":"Iced"},"name":"espc","type":"string","format":"%d","description":"ESPC"}],"rowcount":2,"data":[["",""],["training_frame","validation_frame"],[3917799606149427097,8461095919447145716],["[0, 3128, 6256, 9384, 12512, 15640, 18768, 21895, 25022, 28149, 31276, 34403, 37530]","[0, 548, 1134, 1660, 2220, 2784, 3358, 3883, 4449, 4753]"]]}],"training_metrics":{"__meta":{"schema_version":3,"schema_name":"ModelMetricsRegressionGLMV3","schema_type":"ModelMetricsRegressionGLM"},"model":{"__meta":{"schema_version":3,"schema_name":"ModelKeyV3","schema_type":"Key<Model>"},"name":"StackedEnsemble_AllModels_4_AutoML_2_20220315_103832","type":"Key<Model>","URL":"/3/Models/StackedEnsemble_AllModels_4_AutoML_2_20220315_103832"},"model_checksum":6222781754923491324,"frame":null,"frame_checksum":0,"description":null,"model_category":"Regression","scoring_time":1647367405601,"predictions":null,"MSE":21.488362092429238,"RMSE":4.635554130029035,"nobs":10068,"custom_metric_name":null,"custom_metric_value":0.0,"r2":0.8329764798190502,"mean_residual_deviance":21.488362092429238,"mae":3.517571686949801,"rmsle":0.09562538874031333,"residual_deviance":216344.82954657756,"null_deviance":1295296.3644153217,"AIC":59493.451991490896,"null_degrees_of_freedom":10067,"residual_degrees_of_freedom":10050},"validation_metrics":{"__meta":{"schema_version":3,"schema_name":"ModelMetricsRegressionGLMV3","schema_type":"ModelMetricsRegressionGLM"},"model":{"__meta":{"schema_version":3,"schema_name":"ModelKeyV3","schema_type":"Key<Model>"},"name":"metalearner_AUTO_StackedEnsemble_AllModels_4_AutoML_2_20220315_103832","type":"Key<Model>","URL":"/3/Models/metalearner_AUTO_StackedEnsemble_AllModels_4_AutoML_2_20220315_103832"},"model_checksum":8662467280931043328,"frame":null,"frame_checksum":0,"description":null,"model_category":"Regression","scoring_time":1647367405287,"predictions":null,"MSE":37.65740726851006,"RMSE":6.136563147928168,"nobs":4753,"custom_metric_name":null,"custom_metric_value":0.0,"r2":0.7141167575830857,"mean_residual_deviance":37.65740726851006,"mae":4.640601297690657,"rmsle":0.12451092265995388,"residual_deviance":178985.65674722832,"null_deviance":626271.3714412682,"AIC":30772.831242368055,"null_degrees_of_freedom":4752,"residual_degrees_of_freedom":4735},"cross_validation_metrics":{"__meta":{"schema_version":3,"schema_name":"ModelMetricsRegressionGLMV3","schema_type":"ModelMetricsRegressionGLM"},"model":{"__meta":{"schema_version":3,"schema_name":"ModelKeyV3","schema_type":"Key<Model>"},"name":"StackedEnsemble_AllModels_4_AutoML_2_20220315_103832","type":"Key<Model>","URL":"/3/Models/StackedEnsemble_AllModels_4_AutoML_2_20220315_103832"},"model_checksum":6222781754923491324,"frame":{"__meta":{"schema_version":3,"schema_name":"FrameKeyV3","schema_type":"Key<Frame>"},"name":"levelone_training_StackedEnsemble_AllModels_4_AutoML_2_20220315_103832","type":"Key<Frame>","URL":"/3/Frames/levelone_training_StackedEnsemble_AllModels_4_AutoML_2_20220315_103832"},"frame_checksum":2681494915731496020,"description":"10-fold cross-validation on training data (Metrics computed for combined holdout predictions)","model_category":"Regression","scoring_time":1647367405290,"predictions":null,"MSE":36.89057088771217,"RMSE":6.073760852034938,"nobs":37530,"custom_metric_name":null,"custom_metric_value":0.0,"r2":0.7139924702680839,"mean_residual_deviance":36.89057088771217,"mae":4.578025531495744,"rmsle":0.12448007823011381,"residual_deviance":1384503.1254158379,"null_deviance":4840943.312821485,"AIC":241952.11449049073,"null_degrees_of_freedom":37529,"residual_degrees_of_freedom":37511},"cross_validation_metrics_summary":null,"status":null,"start_time":1647367400166,"end_time":1647367405619,"run_time":5453,"default_threshold":0.5,"help":{"levelone_frame_id":"Level one frame used for metalearner training.", "domains":"Domains for categorical columns", "__meta":"Metadata on this schema instance, to make it self-describing.", "help":"Help information for output fields", "training_metrics":"Training data model metrics", "cross_validation_models":"Cross-validation models (model ids)", "cross_validation_predictions":"Cross-validation predictions, one per cv model (deprecated, use cross_validation_holdout_predictions_frame_id instead)", "cross_validation_metrics_summary":"Cross-validation model metrics summary", "status":"Job status", "reproducibility_information_table":"Model reproducibility information", "model_summary":"Model summary", "end_time":"End time in milliseconds", "names":"Column names", "stacking_strategy":"The stacking strategy used for training.", "cross_validation_fold_assignment_frame_id":"Cross-validation fold assignment (each row is assigned to one holdout fold)", "metalearner":"Model which combines the base_models into a stacked ensemble.", "run_time":"Runtime in milliseconds", "default_threshold":"Default threshold used for predictions", "scoring_history":"Scoring history", "cross_validation_holdout_predictions_frame_id":"Cross-validation holdout predictions (full out-of-sample predictions on training data)", "model_category":"Category of the model (e.g., Binomial)", "column_types":"Column types", "original_names":"Original column names", "start_time":"Start time in milliseconds", "cv_scoring_history":"Cross-Validation scoring history", "cross_validation_metrics":"Cross-validation model metrics", "validation_metrics":"Validation data model metrics"},"metalearner":{"__meta":{"schema_version":3,"schema_name":"ModelKeyV3","schema_type":"Key<Model>"},"name":"metalearner_AUTO_StackedEnsemble_AllModels_4_AutoML_2_20220315_103832","type":"Key<Model>","URL":"/3/Models/metalearner_AUTO_StackedEnsemble_AllModels_4_AutoML_2_20220315_103832"},"levelone_frame_id":{"__meta":{"schema_version":3,"schema_name":"FrameKeyV3","schema_type":"Key<Frame>"},"name":"levelone_training_StackedEnsemble_AllModels_4_AutoML_2_20220315_103832","type":"Key<Frame>","URL":"/3/Frames/levelone_training_StackedEnsemble_AllModels_4_AutoML_2_20220315_103832"},"stacking_strategy":"cross_validation"},"compatible_frames":null}
