{"__meta":{"schema_version":3,"schema_name":"GBMModelV3","schema_type":"GBMModel"},"model_id":{"__meta":{"schema_version":3,"schema_name":"ModelKeyV3","schema_type":"Key<Model>"},"name":"GBM_grid_1_AutoML_2_20220315_103832_model_11","type":"Key<Model>","URL":"/3/Models/GBM_grid_1_AutoML_2_20220315_103832_model_11"},"algo":"gbm","algo_full_name":"Gradient Boosting Machine","response_column_name":"mu","treatment_column_name":null,"data_frame":{"__meta":{"schema_version":3,"schema_name":"FrameKeyV3","schema_type":"Key<Frame>"},"name":"AutoML_2_20220315_103832_training_RTMP_sid_8a2c_205","type":"Key<Frame>","URL":"/3/Frames/AutoML_2_20220315_103832_training_RTMP_sid_8a2c_205"},"timestamp":1647367051103,"have_pojo":true,"have_mojo":true,"algo":"gbm","algo_full_name":"Gradient Boosting Machine","model_id":{"__meta":{"schema_version":3,"schema_name":"ModelKeyV3","schema_type":"Key<Model>"},"name":"GBM_grid_1_AutoML_2_20220315_103832_model_11","type":"Key<Model>","URL":"/3/Models/GBM_grid_1_AutoML_2_20220315_103832_model_11"},"parameters":[{"__meta":{"schema_version":3,"schema_name":"ModelParameterSchemaV3","schema_type":"Iced"},"name":"model_id","label":"model_id","help":"Destination id for this model; auto-generated if not specified.","required":false,"type":"Key<Model>","default_value":null,"actual_value":{"__meta":{"schema_version":3,"schema_name":"ModelKeyV3","schema_type":"Key<Model>"},"name":"GBM_grid_1_AutoML_2_20220315_103832_model_11","type":"Key<Model>","URL":"/3/Models/GBM_grid_1_AutoML_2_20220315_103832_model_11"},"input_value":null,"level":"critical","values":[],"is_member_of_frames":[],"is_mutually_exclusive_with":[],"gridable":false},{"__meta":{"schema_version":3,"schema_name":"ModelParameterSchemaV3","schema_type":"Iced"},"name":"training_frame","label":"training_frame","help":"Id of the training data frame.","required":false,"type":"Key<Frame>","default_value":null,"actual_value":{"__meta":{"schema_version":3,"schema_name":"FrameKeyV3","schema_type":"Key<Frame>"},"name":"AutoML_2_20220315_103832_training_RTMP_sid_8a2c_205","type":"Key<Frame>","URL":"/3/Frames/AutoML_2_20220315_103832_training_RTMP_sid_8a2c_205"},"input_value":{"__meta":{"schema_version":3,"schema_name":"FrameKeyV3","schema_type":"Key<Frame>"},"name":"AutoML_2_20220315_103832_training_RTMP_sid_8a2c_205","type":"Key<Frame>","URL":"/3/Frames/AutoML_2_20220315_103832_training_RTMP_sid_8a2c_205"},"level":"critical","values":[],"is_member_of_frames":[],"is_mutually_exclusive_with":[],"gridable":false},{"__meta":{"schema_version":3,"schema_name":"ModelParameterSchemaV3","schema_type":"Iced"},"name":"validation_frame","label":"validation_frame","help":"Id of the validation data frame.","required":false,"type":"Key<Frame>","default_value":null,"actual_value":null,"input_value":null,"level":"critical","values":[],"is_member_of_frames":[],"is_mutually_exclusive_with":[],"gridable":true},{"__meta":{"schema_version":3,"schema_name":"ModelParameterSchemaV3","schema_type":"Iced"},"name":"nfolds","label":"nfolds","help":"Number of folds for K-fold cross-validation (0 to disable or >= 2).","required":false,"type":"int","default_value":0,"actual_value":10,"input_value":10,"level":"critical","values":[],"is_member_of_frames":[],"is_mutually_exclusive_with":[],"gridable":false},{"__meta":{"schema_version":3,"schema_name":"ModelParameterSchemaV3","schema_type":"Iced"},"name":"keep_cross_validation_models","label":"keep_cross_validation_models","help":"Whether to keep the cross-validation models.","required":false,"type":"boolean","default_value":true,"actual_value":false,"input_value":false,"level":"expert","values":[],"is_member_of_frames":[],"is_mutually_exclusive_with":[],"gridable":false},{"__meta":{"schema_version":3,"schema_name":"ModelParameterSchemaV3","schema_type":"Iced"},"name":"keep_cross_validation_predictions","label":"keep_cross_validation_predictions","help":"Whether to keep the predictions of the cross-validation models.","required":false,"type":"boolean","default_value":false,"actual_value":true,"input_value":true,"level":"expert","values":[],"is_member_of_frames":[],"is_mutually_exclusive_with":[],"gridable":false},{"__meta":{"schema_version":3,"schema_name":"ModelParameterSchemaV3","schema_type":"Iced"},"name":"keep_cross_validation_fold_assignment","label":"keep_cross_validation_fold_assignment","help":"Whether to keep the cross-validation fold assignment.","required":false,"type":"boolean","default_value":false,"actual_value":false,"input_value":false,"level":"expert","values":[],"is_member_of_frames":[],"is_mutually_exclusive_with":[],"gridable":false},{"__meta":{"schema_version":3,"schema_name":"ModelParameterSchemaV3","schema_type":"Iced"},"name":"score_each_iteration","label":"score_each_iteration","help":"Whether to score during each iteration of model training.","required":false,"type":"boolean","default_value":false,"actual_value":false,"input_value":false,"level":"secondary","values":[],"is_member_of_frames":[],"is_mutually_exclusive_with":[],"gridable":false},{"__meta":{"schema_version":3,"schema_name":"ModelParameterSchemaV3","schema_type":"Iced"},"name":"score_tree_interval","label":"score_tree_interval","help":"Score the model after every so many trees. Disabled if set to 0.","required":false,"type":"int","default_value":0,"actual_value":5,"input_value":5,"level":"secondary","values":[],"is_member_of_frames":[],"is_mutually_exclusive_with":[],"gridable":false},{"__meta":{"schema_version":3,"schema_name":"ModelParameterSchemaV3","schema_type":"Iced"},"name":"fold_assignment","label":"fold_assignment","help":"Cross-validation fold assignment scheme, if fold_column is not specified. The 'Stratified' option will stratify the folds based on the response variable, for classification problems.","required":false,"type":"enum","default_value":"AUTO","actual_value":"Modulo","input_value":"Modulo","level":"secondary","values":["AUTO","Random","Modulo","Stratified"],"is_member_of_frames":[],"is_mutually_exclusive_with":[],"gridable":true},{"__meta":{"schema_version":3,"schema_name":"ModelParameterSchemaV3","schema_type":"Iced"},"name":"fold_column","label":"fold_column","help":"Column with cross-validation fold index assignment per observation.","required":false,"type":"VecSpecifier","default_value":null,"actual_value":null,"input_value":null,"level":"secondary","values":[],"is_member_of_frames":["training_frame"],"is_mutually_exclusive_with":["response_column","weights_column","ignored_columns","offset_column"],"gridable":true},{"__meta":{"schema_version":3,"schema_name":"ModelParameterSchemaV3","schema_type":"Iced"},"name":"response_column","label":"response_column","help":"Response variable column.","required":false,"type":"VecSpecifier","default_value":null,"actual_value":{"__meta":{"schema_version":3,"schema_name":"ColSpecifierV3","schema_type":"VecSpecifier"},"column_name":"mu","is_member_of_frames":null},"input_value":{"__meta":{"schema_version":3,"schema_name":"ColSpecifierV3","schema_type":"VecSpecifier"},"column_name":"mu","is_member_of_frames":null},"level":"critical","values":[],"is_member_of_frames":["training_frame","validation_frame"],"is_mutually_exclusive_with":["weights_column","ignored_columns","offset_column","fold_column"],"gridable":true},{"__meta":{"schema_version":3,"schema_name":"ModelParameterSchemaV3","schema_type":"Iced"},"name":"ignored_columns","label":"ignored_columns","help":"Names of columns to ignore for training.","required":false,"type":"string[]","default_value":null,"actual_value":["max_cv","sigma","CV_span","maximum_intensity_percentage"],"input_value":["max_cv","sigma","CV_span","maximum_intensity_percentage"],"level":"critical","values":[],"is_member_of_frames":["training_frame","validation_frame"],"is_mutually_exclusive_with":["response_column","weights_column","offset_column","fold_column"],"gridable":false},{"__meta":{"schema_version":3,"schema_name":"ModelParameterSchemaV3","schema_type":"Iced"},"name":"ignore_const_cols","label":"ignore_const_cols","help":"Ignore constant columns.","required":false,"type":"boolean","default_value":true,"actual_value":true,"input_value":true,"level":"critical","values":[],"is_member_of_frames":[],"is_mutually_exclusive_with":[],"gridable":false},{"__meta":{"schema_version":3,"schema_name":"ModelParameterSchemaV3","schema_type":"Iced"},"name":"offset_column","label":"offset_column","help":"Offset column. This will be added to the combination of columns before applying the link function.","required":false,"type":"VecSpecifier","default_value":null,"actual_value":null,"input_value":null,"level":"secondary","values":[],"is_member_of_frames":["training_frame","validation_frame"],"is_mutually_exclusive_with":["response_column","weights_column","ignored_columns","fold_column"],"gridable":true},{"__meta":{"schema_version":3,"schema_name":"ModelParameterSchemaV3","schema_type":"Iced"},"name":"weights_column","label":"weights_column","help":"Column with observation weights. Giving some observation a weight of zero is equivalent to excluding it from the dataset; giving an observation a relative weight of 2 is equivalent to repeating that row twice. Negative weights are not allowed. Note: Weights are per-row observation weights and do not increase the size of the data frame. This is typically the number of times a row is repeated, but non-integer values are supported as well. During training, rows with higher weights matter more, due to the larger loss function pre-factor. If you set weight = 0 for a row, the returned prediction frame at that row is zero and this is incorrect. To get an accurate prediction, remove all rows with weight == 0.","required":false,"type":"VecSpecifier","default_value":null,"actual_value":null,"input_value":null,"level":"secondary","values":[],"is_member_of_frames":["training_frame","validation_frame"],"is_mutually_exclusive_with":["response_column","ignored_columns","offset_column","fold_column"],"gridable":true},{"__meta":{"schema_version":3,"schema_name":"ModelParameterSchemaV3","schema_type":"Iced"},"name":"balance_classes","label":"balance_classes","help":"Balance training data class counts via over/under-sampling (for imbalanced data).","required":false,"type":"boolean","default_value":false,"actual_value":false,"input_value":false,"level":"secondary","values":[],"is_member_of_frames":[],"is_mutually_exclusive_with":[],"gridable":true},{"__meta":{"schema_version":3,"schema_name":"ModelParameterSchemaV3","schema_type":"Iced"},"name":"class_sampling_factors","label":"class_sampling_factors","help":"Desired over/under-sampling ratios per class (in lexicographic order). If not specified, sampling factors will be automatically computed to obtain class balance during training. Requires balance_classes.","required":false,"type":"float[]","default_value":null,"actual_value":null,"input_value":null,"level":"expert","values":[],"is_member_of_frames":[],"is_mutually_exclusive_with":[],"gridable":true},{"__meta":{"schema_version":3,"schema_name":"ModelParameterSchemaV3","schema_type":"Iced"},"name":"max_after_balance_size","label":"max_after_balance_size","help":"Maximum relative size of the training data after balancing class counts (can be less than 1.0). Requires balance_classes.","required":false,"type":"float","default_value":5.0,"actual_value":5.0,"input_value":5.0,"level":"expert","values":[],"is_member_of_frames":[],"is_mutually_exclusive_with":[],"gridable":true},{"__meta":{"schema_version":3,"schema_name":"ModelParameterSchemaV3","schema_type":"Iced"},"name":"max_confusion_matrix_size","label":"max_confusion_matrix_size","help":"[Deprecated] Maximum size (# classes) for confusion matrices to be printed in the Logs","required":false,"type":"int","default_value":20,"actual_value":20,"input_value":20,"level":"secondary","values":[],"is_member_of_frames":[],"is_mutually_exclusive_with":[],"gridable":false},{"__meta":{"schema_version":3,"schema_name":"ModelParameterSchemaV3","schema_type":"Iced"},"name":"ntrees","label":"ntrees","help":"Number of trees.","required":false,"type":"int","default_value":50,"actual_value":46,"input_value":10000,"level":"critical","values":[],"is_member_of_frames":[],"is_mutually_exclusive_with":[],"gridable":true},{"__meta":{"schema_version":3,"schema_name":"ModelParameterSchemaV3","schema_type":"Iced"},"name":"max_depth","label":"max_depth","help":"Maximum tree depth (0 for unlimited).","required":false,"type":"int","default_value":5,"actual_value":17,"input_value":17,"level":"critical","values":[],"is_member_of_frames":[],"is_mutually_exclusive_with":[],"gridable":true},{"__meta":{"schema_version":3,"schema_name":"ModelParameterSchemaV3","schema_type":"Iced"},"name":"min_rows","label":"min_rows","help":"Fewest allowed (weighted) observations in a leaf.","required":false,"type":"double","default_value":10.0,"actual_value":1.0,"input_value":1.0,"level":"critical","values":[],"is_member_of_frames":[],"is_mutually_exclusive_with":[],"gridable":true},{"__meta":{"schema_version":3,"schema_name":"ModelParameterSchemaV3","schema_type":"Iced"},"name":"nbins","label":"nbins","help":"For numerical columns (real/int), build a histogram of (at least) this many bins, then split at the best point","required":false,"type":"int","default_value":20,"actual_value":20,"input_value":20,"level":"critical","values":[],"is_member_of_frames":[],"is_mutually_exclusive_with":[],"gridable":true},{"__meta":{"schema_version":3,"schema_name":"ModelParameterSchemaV3","schema_type":"Iced"},"name":"nbins_top_level","label":"nbins_top_level","help":"For numerical columns (real/int), build a histogram of (at most) this many bins at the root level, then decrease by factor of two per level","required":false,"type":"int","default_value":1024,"actual_value":1024,"input_value":1024,"level":"secondary","values":[],"is_member_of_frames":[],"is_mutually_exclusive_with":[],"gridable":true},{"__meta":{"schema_version":3,"schema_name":"ModelParameterSchemaV3","schema_type":"Iced"},"name":"nbins_cats","label":"nbins_cats","help":"For categorical columns (factors), build a histogram of this many bins, then split at the best point. Higher values can lead to more overfitting.","required":false,"type":"int","default_value":1024,"actual_value":1024,"input_value":1024,"level":"secondary","values":[],"is_member_of_frames":[],"is_mutually_exclusive_with":[],"gridable":true},{"__meta":{"schema_version":3,"schema_name":"ModelParameterSchemaV3","schema_type":"Iced"},"name":"r2_stopping","label":"r2_stopping","help":"r2_stopping is no longer supported and will be ignored if set - please use stopping_rounds, stopping_metric and stopping_tolerance instead. Previous version of H2O would stop making trees when the R^2 metric equals or exceeds this","required":false,"type":"double","default_value":1.7976931348623157E308,"actual_value":1.7976931348623157E308,"input_value":1.7976931348623157E308,"level":"secondary","values":[],"is_member_of_frames":[],"is_mutually_exclusive_with":[],"gridable":true},{"__meta":{"schema_version":3,"schema_name":"ModelParameterSchemaV3","schema_type":"Iced"},"name":"stopping_rounds","label":"stopping_rounds","help":"Early stopping based on convergence of stopping_metric. Stop if simple moving average of length k of the stopping_metric does not improve for k:=stopping_rounds scoring events (0 to disable)","required":false,"type":"int","default_value":0,"actual_value":0,"input_value":3,"level":"secondary","values":[],"is_member_of_frames":[],"is_mutually_exclusive_with":[],"gridable":true},{"__meta":{"schema_version":3,"schema_name":"ModelParameterSchemaV3","schema_type":"Iced"},"name":"stopping_metric","label":"stopping_metric","help":"Metric to use for early stopping (AUTO: logloss for classification, deviance for regression and anonomaly_score for Isolation Forest). Note that custom and custom_increasing can only be used in GBM and DRF with the Python client.","required":false,"type":"enum","default_value":"AUTO","actual_value":"deviance","input_value":"deviance","level":"secondary","values":["AUTO","deviance","logloss","MSE","RMSE","MAE","RMSLE","AUC","AUCPR","lift_top_group","misclassification","mean_per_class_error","anomaly_score","custom","custom_increasing"],"is_member_of_frames":[],"is_mutually_exclusive_with":[],"gridable":true},{"__meta":{"schema_version":3,"schema_name":"ModelParameterSchemaV3","schema_type":"Iced"},"name":"stopping_tolerance","label":"stopping_tolerance","help":"Relative tolerance for metric-based stopping criterion (stop if relative improvement is not at least this much)","required":false,"type":"double","default_value":0.001,"actual_value":0.005161913442354258,"input_value":0.005161913442354258,"level":"secondary","values":[],"is_member_of_frames":[],"is_mutually_exclusive_with":[],"gridable":true},{"__meta":{"schema_version":3,"schema_name":"ModelParameterSchemaV3","schema_type":"Iced"},"name":"max_runtime_secs","label":"max_runtime_secs","help":"Maximum allowed runtime in seconds for model training. Use 0 to disable.","required":false,"type":"double","default_value":0.0,"actual_value":0.0,"input_value":317.518,"level":"secondary","values":[],"is_member_of_frames":[],"is_mutually_exclusive_with":[],"gridable":true},{"__meta":{"schema_version":3,"schema_name":"ModelParameterSchemaV3","schema_type":"Iced"},"name":"seed","label":"seed","help":"Seed for pseudo random number generator (if applicable)","required":false,"type":"long","default_value":-1,"actual_value":-6498127764189333846,"input_value":-1,"level":"critical","values":[],"is_member_of_frames":[],"is_mutually_exclusive_with":[],"gridable":true},{"__meta":{"schema_version":3,"schema_name":"ModelParameterSchemaV3","schema_type":"Iced"},"name":"build_tree_one_node","label":"build_tree_one_node","help":"Run on one node only; no network overhead but fewer cpus used. Suitable for small datasets.","required":false,"type":"boolean","default_value":false,"actual_value":false,"input_value":false,"level":"expert","values":[],"is_member_of_frames":[],"is_mutually_exclusive_with":[],"gridable":false},{"__meta":{"schema_version":3,"schema_name":"ModelParameterSchemaV3","schema_type":"Iced"},"name":"learn_rate","label":"learn_rate","help":"Learning rate (from 0.0 to 1.0)","required":false,"type":"double","default_value":0.1,"actual_value":0.1,"input_value":0.1,"level":"critical","values":[],"is_member_of_frames":[],"is_mutually_exclusive_with":[],"gridable":true},{"__meta":{"schema_version":3,"schema_name":"ModelParameterSchemaV3","schema_type":"Iced"},"name":"learn_rate_annealing","label":"learn_rate_annealing","help":"Scale the learning rate by this factor after each tree (e.g., 0.99 or 0.999) ","required":false,"type":"double","default_value":1.0,"actual_value":1.0,"input_value":1.0,"level":"secondary","values":[],"is_member_of_frames":[],"is_mutually_exclusive_with":[],"gridable":true},{"__meta":{"schema_version":3,"schema_name":"ModelParameterSchemaV3","schema_type":"Iced"},"name":"distribution","label":"distribution","help":"Distribution function","required":false,"type":"enum","default_value":"AUTO","actual_value":"gaussian","input_value":"AUTO","level":"secondary","values":["AUTO","bernoulli","quasibinomial","ordinal","multinomial","gaussian","poisson","gamma","tweedie","laplace","quantile","huber","custom"],"is_member_of_frames":[],"is_mutually_exclusive_with":[],"gridable":true},{"__meta":{"schema_version":3,"schema_name":"ModelParameterSchemaV3","schema_type":"Iced"},"name":"quantile_alpha","label":"quantile_alpha","help":"Desired quantile for Quantile regression, must be between 0 and 1.","required":false,"type":"double","default_value":0.5,"actual_value":0.5,"input_value":0.5,"level":"secondary","values":[],"is_member_of_frames":[],"is_mutually_exclusive_with":[],"gridable":true},{"__meta":{"schema_version":3,"schema_name":"ModelParameterSchemaV3","schema_type":"Iced"},"name":"tweedie_power","label":"tweedie_power","help":"Tweedie power for Tweedie regression, must be between 1 and 2.","required":false,"type":"double","default_value":1.5,"actual_value":1.5,"input_value":1.5,"level":"secondary","values":[],"is_member_of_frames":[],"is_mutually_exclusive_with":[],"gridable":true},{"__meta":{"schema_version":3,"schema_name":"ModelParameterSchemaV3","schema_type":"Iced"},"name":"huber_alpha","label":"huber_alpha","help":"Desired quantile for Huber/M-regression (threshold between quadratic and linear loss, must be between 0 and 1).","required":false,"type":"double","default_value":0.9,"actual_value":0.9,"input_value":0.9,"level":"secondary","values":[],"is_member_of_frames":[],"is_mutually_exclusive_with":[],"gridable":true},{"__meta":{"schema_version":3,"schema_name":"ModelParameterSchemaV3","schema_type":"Iced"},"name":"checkpoint","label":"checkpoint","help":"Model checkpoint to resume training with.","required":false,"type":"Key<Model>","default_value":null,"actual_value":null,"input_value":null,"level":"secondary","values":[],"is_member_of_frames":[],"is_mutually_exclusive_with":[],"gridable":false},{"__meta":{"schema_version":3,"schema_name":"ModelParameterSchemaV3","schema_type":"Iced"},"name":"sample_rate","label":"sample_rate","help":"Row sample rate per tree (from 0.0 to 1.0)","required":false,"type":"double","default_value":1.0,"actual_value":0.5,"input_value":0.5,"level":"critical","values":[],"is_member_of_frames":[],"is_mutually_exclusive_with":[],"gridable":true},{"__meta":{"schema_version":3,"schema_name":"ModelParameterSchemaV3","schema_type":"Iced"},"name":"sample_rate_per_class","label":"sample_rate_per_class","help":"A list of row sample rates per class (relative fraction for each class, from 0.0 to 1.0), for each tree","required":false,"type":"double[]","default_value":null,"actual_value":null,"input_value":null,"level":"expert","values":[],"is_member_of_frames":[],"is_mutually_exclusive_with":[],"gridable":true},{"__meta":{"schema_version":3,"schema_name":"ModelParameterSchemaV3","schema_type":"Iced"},"name":"col_sample_rate","label":"col_sample_rate","help":"Column sample rate (from 0.0 to 1.0)","required":false,"type":"double","default_value":1.0,"actual_value":0.7,"input_value":0.7,"level":"critical","values":[],"is_member_of_frames":[],"is_mutually_exclusive_with":[],"gridable":true},{"__meta":{"schema_version":3,"schema_name":"ModelParameterSchemaV3","schema_type":"Iced"},"name":"col_sample_rate_change_per_level","label":"col_sample_rate_change_per_level","help":"Relative change of the column sampling rate for every level (must be > 0.0 and <= 2.0)","required":false,"type":"double","default_value":1.0,"actual_value":1.0,"input_value":1.0,"level":"expert","values":[],"is_member_of_frames":[],"is_mutually_exclusive_with":[],"gridable":true},{"__meta":{"schema_version":3,"schema_name":"ModelParameterSchemaV3","schema_type":"Iced"},"name":"col_sample_rate_per_tree","label":"col_sample_rate_per_tree","help":"Column sample rate per tree (from 0.0 to 1.0)","required":false,"type":"double","default_value":1.0,"actual_value":0.7,"input_value":0.7,"level":"secondary","values":[],"is_member_of_frames":[],"is_mutually_exclusive_with":[],"gridable":true},{"__meta":{"schema_version":3,"schema_name":"ModelParameterSchemaV3","schema_type":"Iced"},"name":"min_split_improvement","label":"min_split_improvement","help":"Minimum relative improvement in squared error reduction for a split to happen","required":false,"type":"double","default_value":1.0E-5,"actual_value":1.0E-5,"input_value":1.0E-5,"level":"secondary","values":[],"is_member_of_frames":[],"is_mutually_exclusive_with":[],"gridable":true},{"__meta":{"schema_version":3,"schema_name":"ModelParameterSchemaV3","schema_type":"Iced"},"name":"histogram_type","label":"histogram_type","help":"What type of histogram to use for finding optimal split points","required":false,"type":"enum","default_value":"AUTO","actual_value":"UniformAdaptive","input_value":"AUTO","level":"secondary","values":["AUTO","UniformAdaptive","Random","QuantilesGlobal","RoundRobin"],"is_member_of_frames":[],"is_mutually_exclusive_with":[],"gridable":true},{"__meta":{"schema_version":3,"schema_name":"ModelParameterSchemaV3","schema_type":"Iced"},"name":"max_abs_leafnode_pred","label":"max_abs_leafnode_pred","help":"Maximum absolute value of a leaf node prediction","required":false,"type":"double","default_value":1.7976931348623157E308,"actual_value":1.7976931348623157E308,"input_value":1.7976931348623157E308,"level":"expert","values":[],"is_member_of_frames":[],"is_mutually_exclusive_with":[],"gridable":true},{"__meta":{"schema_version":3,"schema_name":"ModelParameterSchemaV3","schema_type":"Iced"},"name":"pred_noise_bandwidth","label":"pred_noise_bandwidth","help":"Bandwidth (sigma) of Gaussian multiplicative noise ~N(1,sigma) for tree node predictions","required":false,"type":"double","default_value":0.0,"actual_value":0.0,"input_value":0.0,"level":"expert","values":[],"is_member_of_frames":[],"is_mutually_exclusive_with":[],"gridable":true},{"__meta":{"schema_version":3,"schema_name":"ModelParameterSchemaV3","schema_type":"Iced"},"name":"categorical_encoding","label":"categorical_encoding","help":"Encoding scheme for categorical features","required":false,"type":"enum","default_value":"AUTO","actual_value":"Enum","input_value":"AUTO","level":"secondary","values":["AUTO","Enum","OneHotInternal","OneHotExplicit","Binary","Eigen","LabelEncoder","SortByResponse","EnumLimited"],"is_member_of_frames":[],"is_mutually_exclusive_with":[],"gridable":true},{"__meta":{"schema_version":3,"schema_name":"ModelParameterSchemaV3","schema_type":"Iced"},"name":"calibrate_model","label":"calibrate_model","help":"Use Platt Scaling to calculate calibrated class probabilities. Calibration can provide more accurate estimates of class probabilities.","required":false,"type":"boolean","default_value":false,"actual_value":false,"input_value":false,"level":"expert","values":[],"is_member_of_frames":[],"is_mutually_exclusive_with":[],"gridable":false},{"__meta":{"schema_version":3,"schema_name":"ModelParameterSchemaV3","schema_type":"Iced"},"name":"calibration_frame","label":"calibration_frame","help":"Calibration frame for Platt Scaling","required":false,"type":"Key<Frame>","default_value":null,"actual_value":null,"input_value":null,"level":"expert","values":[],"is_member_of_frames":[],"is_mutually_exclusive_with":[],"gridable":false},{"__meta":{"schema_version":3,"schema_name":"ModelParameterSchemaV3","schema_type":"Iced"},"name":"custom_metric_func","label":"custom_metric_func","help":"Reference to custom evaluation function, format: `language:keyName=funcName`","required":false,"type":"string","default_value":null,"actual_value":null,"input_value":null,"level":"secondary","values":[],"is_member_of_frames":[],"is_mutually_exclusive_with":[],"gridable":false},{"__meta":{"schema_version":3,"schema_name":"ModelParameterSchemaV3","schema_type":"Iced"},"name":"custom_distribution_func","label":"custom_distribution_func","help":"Reference to custom distribution, format: `language:keyName=funcName`","required":false,"type":"string","default_value":null,"actual_value":null,"input_value":null,"level":"secondary","values":[],"is_member_of_frames":[],"is_mutually_exclusive_with":[],"gridable":false},{"__meta":{"schema_version":3,"schema_name":"ModelParameterSchemaV3","schema_type":"Iced"},"name":"export_checkpoints_dir","label":"export_checkpoints_dir","help":"Automatically export generated models to this directory.","required":false,"type":"string","default_value":null,"actual_value":null,"input_value":null,"level":"secondary","values":[],"is_member_of_frames":[],"is_mutually_exclusive_with":[],"gridable":false},{"__meta":{"schema_version":3,"schema_name":"ModelParameterSchemaV3","schema_type":"Iced"},"name":"monotone_constraints","label":"monotone_constraints","help":"A mapping representing monotonic constraints. Use +1 to enforce an increasing constraint and -1 to specify a decreasing constraint.","required":false,"type":"KeyValue[]","default_value":null,"actual_value":null,"input_value":null,"level":"secondary","values":[],"is_member_of_frames":[],"is_mutually_exclusive_with":[],"gridable":false},{"__meta":{"schema_version":3,"schema_name":"ModelParameterSchemaV3","schema_type":"Iced"},"name":"check_constant_response","label":"check_constant_response","help":"Check if response column is constant. If enabled, then an exception is thrown if the response column is a constant value.If disabled, then model will train regardless of the response column being a constant value or not.","required":false,"type":"boolean","default_value":true,"actual_value":true,"input_value":true,"level":"expert","values":[],"is_member_of_frames":[],"is_mutually_exclusive_with":[],"gridable":false},{"__meta":{"schema_version":3,"schema_name":"ModelParameterSchemaV3","schema_type":"Iced"},"name":"gainslift_bins","label":"gainslift_bins","help":"Gains/Lift table number of bins. 0 means disabled.. Default value -1 means automatic binning.","required":false,"type":"int","default_value":-1,"actual_value":-1,"input_value":-1,"level":"secondary","values":[],"is_member_of_frames":[],"is_mutually_exclusive_with":[],"gridable":false},{"__meta":{"schema_version":3,"schema_name":"ModelParameterSchemaV3","schema_type":"Iced"},"name":"auc_type","label":"auc_type","help":"Set default multinomial AUC type.","required":false,"type":"enum","default_value":"AUTO","actual_value":"AUTO","input_value":"AUTO","level":"secondary","values":["AUTO","NONE","MACRO_OVR","WEIGHTED_OVR","MACRO_OVO","WEIGHTED_OVO"],"is_member_of_frames":[],"is_mutually_exclusive_with":[],"gridable":true}],"output":{"__meta":{"schema_version":3,"schema_name":"GBMModelOutputV3","schema_type":"GBMOutput"},"names":["Charge","Pep_aIndex","Pep_predicted_charge","PeP_pI","Pep_InstabilityIndex","Pep_hydrophobicity","Pep_MW","Pep_length","X1","X2","X3","X4","X5","X6","X7","X8","X9","X10","X11","X12","X13","X14","X15","X16","X17","X18","PP1","PP2","PP3","F1","F2","F3","F4","F5","F6","Pep_hmoment100","Pep_hmoment160","KF1","KF2","KF3","KF4","KF5","KF6","KF7","KF8","KF9","KF10","MSWHIM1","MSWHIM2","MSWHIM3","ST1","ST2","ST3","ST4","ST5","ST6","ST7","ST8","T1","T2","T3","T4","T5","VHSE1","VHSE2","VHSE3","VHSE4","VHSE5","VHSE6","VHSE7","VHSE8","Z1","Z2","Z3","Z4","Z5","mu"],"original_names":null,"column_types":["Numeric","Numeric","Numeric","Numeric","Numeric","Numeric","Numeric","Numeric","Numeric","Numeric","Numeric","Numeric","Numeric","Numeric","Numeric","Numeric","Numeric","Numeric","Numeric","Numeric","Numeric","Numeric","Numeric","Numeric","Numeric","Numeric","Numeric","Numeric","Numeric","Numeric","Numeric","Numeric","Numeric","Numeric","Numeric","Numeric","Numeric","Numeric","Numeric","Numeric","Numeric","Numeric","Numeric","Numeric","Numeric","Numeric","Numeric","Numeric","Numeric","Numeric","Numeric","Numeric","Numeric","Numeric","Numeric","Numeric","Numeric","Numeric","Numeric","Numeric","Numeric","Numeric","Numeric","Numeric","Numeric","Numeric","Numeric","Numeric","Numeric","Numeric","Numeric","Numeric","Numeric","Numeric","Numeric","Numeric","Numeric"],"domains":[null,null,null,null,null,null,null,null,null,null,null,null,null,null,null,null,null,null,null,null,null,null,null,null,null,null,null,null,null,null,null,null,null,null,null,null,null,null,null,null,null,null,null,null,null,null,null,null,null,null,null,null,null,null,null,null,null,null,null,null,null,null,null,null,null,null,null,null,null,null,null,null,null,null,null,null,null],"cross_validation_models":null,"cross_validation_predictions":[{"__meta":{"schema_version":3,"schema_name":"FrameKeyV3","schema_type":"Key<Frame>"},"name":"prediction_GBM_grid_1_AutoML_2_20220315_103832_model_11_cv_1","type":"Key<Frame>","URL":"/3/Frames/prediction_GBM_grid_1_AutoML_2_20220315_103832_model_11_cv_1"},{"__meta":{"schema_version":3,"schema_name":"FrameKeyV3","schema_type":"Key<Frame>"},"name":"prediction_GBM_grid_1_AutoML_2_20220315_103832_model_11_cv_2","type":"Key<Frame>","URL":"/3/Frames/prediction_GBM_grid_1_AutoML_2_20220315_103832_model_11_cv_2"},{"__meta":{"schema_version":3,"schema_name":"FrameKeyV3","schema_type":"Key<Frame>"},"name":"prediction_GBM_grid_1_AutoML_2_20220315_103832_model_11_cv_3","type":"Key<Frame>","URL":"/3/Frames/prediction_GBM_grid_1_AutoML_2_20220315_103832_model_11_cv_3"},{"__meta":{"schema_version":3,"schema_name":"FrameKeyV3","schema_type":"Key<Frame>"},"name":"prediction_GBM_grid_1_AutoML_2_20220315_103832_model_11_cv_4","type":"Key<Frame>","URL":"/3/Frames/prediction_GBM_grid_1_AutoML_2_20220315_103832_model_11_cv_4"},{"__meta":{"schema_version":3,"schema_name":"FrameKeyV3","schema_type":"Key<Frame>"},"name":"prediction_GBM_grid_1_AutoML_2_20220315_103832_model_11_cv_5","type":"Key<Frame>","URL":"/3/Frames/prediction_GBM_grid_1_AutoML_2_20220315_103832_model_11_cv_5"},{"__meta":{"schema_version":3,"schema_name":"FrameKeyV3","schema_type":"Key<Frame>"},"name":"prediction_GBM_grid_1_AutoML_2_20220315_103832_model_11_cv_6","type":"Key<Frame>","URL":"/3/Frames/prediction_GBM_grid_1_AutoML_2_20220315_103832_model_11_cv_6"},{"__meta":{"schema_version":3,"schema_name":"FrameKeyV3","schema_type":"Key<Frame>"},"name":"prediction_GBM_grid_1_AutoML_2_20220315_103832_model_11_cv_7","type":"Key<Frame>","URL":"/3/Frames/prediction_GBM_grid_1_AutoML_2_20220315_103832_model_11_cv_7"},{"__meta":{"schema_version":3,"schema_name":"FrameKeyV3","schema_type":"Key<Frame>"},"name":"prediction_GBM_grid_1_AutoML_2_20220315_103832_model_11_cv_8","type":"Key<Frame>","URL":"/3/Frames/prediction_GBM_grid_1_AutoML_2_20220315_103832_model_11_cv_8"},{"__meta":{"schema_version":3,"schema_name":"FrameKeyV3","schema_type":"Key<Frame>"},"name":"prediction_GBM_grid_1_AutoML_2_20220315_103832_model_11_cv_9","type":"Key<Frame>","URL":"/3/Frames/prediction_GBM_grid_1_AutoML_2_20220315_103832_model_11_cv_9"},{"__meta":{"schema_version":3,"schema_name":"FrameKeyV3","schema_type":"Key<Frame>"},"name":"prediction_GBM_grid_1_AutoML_2_20220315_103832_model_11_cv_10","type":"Key<Frame>","URL":"/3/Frames/prediction_GBM_grid_1_AutoML_2_20220315_103832_model_11_cv_10"}],"cross_validation_holdout_predictions_frame_id":{"__meta":{"schema_version":3,"schema_name":"FrameKeyV3","schema_type":"Key<Frame>"},"name":"cv_holdout_prediction_GBM_grid_1_AutoML_2_20220315_103832_model_11","type":"Key<Frame>","URL":"/3/Frames/cv_holdout_prediction_GBM_grid_1_AutoML_2_20220315_103832_model_11"},"cross_validation_fold_assignment_frame_id":null,"model_category":"Regression","model_summary":{"__meta":{"schema_version":3,"schema_name":"TwoDimTableV3","schema_type":"TwoDimTable"},"name":"Model Summary","description":"","columns":[{"__meta":{"schema_version":-1,"schema_name":"ColumnSpecsBase","schema_type":"Iced"},"name":"","type":"string","format":"%s","description":""},{"__meta":{"schema_version":-1,"schema_name":"ColumnSpecsBase","schema_type":"Iced"},"name":"number_of_trees","type":"long","format":"%d","description":"Number of Trees"},{"__meta":{"schema_version":-1,"schema_name":"ColumnSpecsBase","schema_type":"Iced"},"name":"number_of_internal_trees","type":"long","format":"%d","description":"Number of Internal Trees"},{"__meta":{"schema_version":-1,"schema_name":"ColumnSpecsBase","schema_type":"Iced"},"name":"model_size_in_bytes","type":"long","format":"%d","description":"Model Size in Bytes"},{"__meta":{"schema_version":-1,"schema_name":"ColumnSpecsBase","schema_type":"Iced"},"name":"min_depth","type":"long","format":"%d","description":"Min. Depth"},{"__meta":{"schema_version":-1,"schema_name":"ColumnSpecsBase","schema_type":"Iced"},"name":"max_depth","type":"long","format":"%d","description":"Max. Depth"},{"__meta":{"schema_version":-1,"schema_name":"ColumnSpecsBase","schema_type":"Iced"},"name":"mean_depth","type":"double","format":"%.5f","description":"Mean Depth"},{"__meta":{"schema_version":-1,"schema_name":"ColumnSpecsBase","schema_type":"Iced"},"name":"min_leaves","type":"long","format":"%d","description":"Min. Leaves"},{"__meta":{"schema_version":-1,"schema_name":"ColumnSpecsBase","schema_type":"Iced"},"name":"max_leaves","type":"long","format":"%d","description":"Max. Leaves"},{"__meta":{"schema_version":-1,"schema_name":"ColumnSpecsBase","schema_type":"Iced"},"name":"mean_leaves","type":"double","format":"%.5f","description":"Mean Leaves"}],"rowcount":1,"data":[[""],[46],[46],[3757509],[17],[17],[17.0],[3833],[9143],[6504.7173]]},"scoring_history":{"__meta":{"schema_version":3,"schema_name":"TwoDimTableV3","schema_type":"TwoDimTable"},"name":"Scoring History","description":"","columns":[{"__meta":{"schema_version":-1,"schema_name":"ColumnSpecsBase","schema_type":"Iced"},"name":"","type":"string","format":"%s","description":""},{"__meta":{"schema_version":-1,"schema_name":"ColumnSpecsBase","schema_type":"Iced"},"name":"timestamp","type":"string","format":"%s","description":"Timestamp"},{"__meta":{"schema_version":-1,"schema_name":"ColumnSpecsBase","schema_type":"Iced"},"name":"duration","type":"string","format":"%s","description":"Duration"},{"__meta":{"schema_version":-1,"schema_name":"ColumnSpecsBase","schema_type":"Iced"},"name":"number_of_trees","type":"long","format":"%d","description":"Number of Trees"},{"__meta":{"schema_version":-1,"schema_name":"ColumnSpecsBase","schema_type":"Iced"},"name":"training_rmse","type":"double","format":"%.5f","description":"Training RMSE"},{"__meta":{"schema_version":-1,"schema_name":"ColumnSpecsBase","schema_type":"Iced"},"name":"training_mae","type":"double","format":"%.5f","description":"Training MAE"},{"__meta":{"schema_version":-1,"schema_name":"ColumnSpecsBase","schema_type":"Iced"},"name":"training_deviance","type":"double","format":"%.5f","description":"Training Deviance"},{"__meta":{"schema_version":-1,"schema_name":"ColumnSpecsBase","schema_type":"Iced"},"name":"validation_rmse","type":"double","format":"%.5f","description":"Validation RMSE"},{"__meta":{"schema_version":-1,"schema_name":"ColumnSpecsBase","schema_type":"Iced"},"name":"validation_mae","type":"double","format":"%.5f","description":"Validation MAE"},{"__meta":{"schema_version":-1,"schema_name":"ColumnSpecsBase","schema_type":"Iced"},"name":"validation_deviance","type":"double","format":"%.5f","description":"Validation Deviance"}],"rowcount":11,"data":[["","","","","","","","","","",""],["2022-03-15 10:53:58","2022-03-15 10:54:00","2022-03-15 10:54:02","2022-03-15 10:54:03","2022-03-15 10:54:05","2022-03-15 10:54:07","2022-03-15 10:54:08","2022-03-15 10:54:09","2022-03-15 10:54:11","2022-03-15 10:54:12","2022-03-15 10:54:12"],[" 4 min 30.437 sec"," 4 min 32.469 sec"," 4 min 34.524 sec"," 4 min 36.325 sec"," 4 min 38.001 sec"," 4 min 39.569 sec"," 4 min 40.901 sec"," 4 min 42.187 sec"," 4 min 43.428 sec"," 4 min 44.522 sec"," 4 min 44.753 sec"],[0,5,10,15,20,25,30,35,40,45,46],[11.35713935039507,7.896133922077935,5.770865734133949,4.354321933146532,3.514136095222451,2.927251794695205,2.5569088600534577,2.237430645631042,1.9769178633184992,1.7692287448079391,1.7296650704264371],[9.55348646620287,6.5925095229602455,4.750566437109102,3.52977177904283,2.788553150552068,2.28071917435534,1.9661816139333,1.7014525181510878,1.4989138216709348,1.3430295301315913,1.3123518596418438],[128.98461422429213,62.34893091538987,33.30289132140136,18.960119497480957,12.349152495745294,8.568803069546297,6.5377829186198735,5.006095894008943,3.9082042383077797,3.1301703514546757,2.991741255853292],[11.478823351442175,8.835162135150213,7.606290297275466,6.905015499540184,6.678947752340621,6.56776703450999,6.531475202825633,6.500477790655449,6.490372365294877,6.497985378044474,6.498780438369016],[9.690360221201821,7.385636423600073,6.199873172418466,5.467017042780494,5.159236028660506,4.992455401505099,4.925941512158613,4.878920241935687,4.858447249409344,4.855421403962433,4.857263597523257],[131.76338553361418,78.06008995439207,57.8556520864269,47.67923904889018,44.608343078495835,43.13556381959615,42.66016832512615,42.256211506804746,42.12493344018341,42.22381397327979,42.23414718612777]]},"cv_scoring_history":[{"__meta":{"schema_version":3,"schema_name":"TwoDimTableV3","schema_type":"TwoDimTable"},"name":"Scoring History","description":"","columns":[{"__meta":{"schema_version":-1,"schema_name":"ColumnSpecsBase","schema_type":"Iced"},"name":"","type":"string","format":"%s","description":""},{"__meta":{"schema_version":-1,"schema_name":"ColumnSpecsBase","schema_type":"Iced"},"name":"timestamp","type":"string","format":"%s","description":"Timestamp"},{"__meta":{"schema_version":-1,"schema_name":"ColumnSpecsBase","schema_type":"Iced"},"name":"duration","type":"string","format":"%s","description":"Duration"},{"__meta":{"schema_version":-1,"schema_name":"ColumnSpecsBase","schema_type":"Iced"},"name":"number_of_trees","type":"long","format":"%d","description":"Number of Trees"},{"__meta":{"schema_version":-1,"schema_name":"ColumnSpecsBase","schema_type":"Iced"},"name":"training_rmse","type":"double","format":"%.5f","description":"Training RMSE"},{"__meta":{"schema_version":-1,"schema_name":"ColumnSpecsBase","schema_type":"Iced"},"name":"training_mae","type":"double","format":"%.5f","description":"Training MAE"},{"__meta":{"schema_version":-1,"schema_name":"ColumnSpecsBase","schema_type":"Iced"},"name":"training_deviance","type":"double","format":"%.5f","description":"Training Deviance"},{"__meta":{"schema_version":-1,"schema_name":"ColumnSpecsBase","schema_type":"Iced"},"name":"validation_rmse","type":"double","format":"%.5f","description":"Validation RMSE"},{"__meta":{"schema_version":-1,"schema_name":"ColumnSpecsBase","schema_type":"Iced"},"name":"validation_mae","type":"double","format":"%.5f","description":"Validation MAE"},{"__meta":{"schema_version":-1,"schema_name":"ColumnSpecsBase","schema_type":"Iced"},"name":"validation_deviance","type":"double","format":"%.5f","description":"Validation Deviance"}],"rowcount":11,"data":[["","","","","","","","","","",""],["2022-03-15 10:52:12","2022-03-15 10:52:15","2022-03-15 10:52:18","2022-03-15 10:52:20","2022-03-15 10:52:22","2022-03-15 10:52:24","2022-03-15 10:52:26","2022-03-15 10:52:28","2022-03-15 10:52:29","2022-03-15 10:52:31","2022-03-15 10:52:32"],[" 2 min 45.329 sec"," 2 min 47.905 sec"," 2 min 50.435 sec"," 2 min 52.719 sec"," 2 min 54.845 sec"," 2 min 56.843 sec"," 2 min 58.691 sec"," 3 min  0.365 sec"," 3 min  1.986 sec"," 3 min  3.544 sec"," 3 min  5.045 sec"],[0,5,10,15,20,25,30,35,40,45,50],[11.35462227386269,7.8812126859140275,5.7552889387952435,4.32645758424885,3.4815916890574243,2.8890614863789494,2.4814530644480866,2.158475846331611,1.8877773646187983,1.6660623607536358,1.488526744737561],[9.54552057512949,6.568979777115807,4.73473485130172,3.503321784665728,2.7623161255835105,2.2505525485707714,1.9091136445724424,1.6435030971556124,1.4321750459378229,1.2658016282083382,1.1293896268167034],[128.92744698209873,62.1135134006122,33.123350769018884,18.718235228304394,12.12148068931373,8.346676272078144,6.157609311058799,4.659017979196965,3.5637033783670957,2.775763789919978,2.2157118697989997],[11.37984133721961,8.842410951740225,7.628041763663918,6.957868750598126,6.735943162556875,6.652468187128522,6.638250592755587,6.625004436273613,6.62638852103808,6.6255338958928265,6.628674890774767],[9.631368502019175,7.382235303401079,6.222825042270073,5.522868594265842,5.2355369885506615,5.091814620089094,5.0469495047393185,5.015227800483526,5.001732556205307,4.9973434258919145,4.995200498062182],[129.5007888602922,78.18823143945549,58.18702114820095,48.411937550549936,45.372930289196724,44.255332980757046,44.066370932219904,43.89068378064506,43.90902483174523,43.89769940562477,43.93933080758787]]},{"__meta":{"schema_version":3,"schema_name":"TwoDimTableV3","schema_type":"TwoDimTable"},"name":"Scoring History","description":"","columns":[{"__meta":{"schema_version":-1,"schema_name":"ColumnSpecsBase","schema_type":"Iced"},"name":"","type":"string","format":"%s","description":""},{"__meta":{"schema_version":-1,"schema_name":"ColumnSpecsBase","schema_type":"Iced"},"name":"timestamp","type":"string","format":"%s","description":"Timestamp"},{"__meta":{"schema_version":-1,"schema_name":"ColumnSpecsBase","schema_type":"Iced"},"name":"duration","type":"string","format":"%s","description":"Duration"},{"__meta":{"schema_version":-1,"schema_name":"ColumnSpecsBase","schema_type":"Iced"},"name":"number_of_trees","type":"long","format":"%d","description":"Number of Trees"},{"__meta":{"schema_version":-1,"schema_name":"ColumnSpecsBase","schema_type":"Iced"},"name":"training_rmse","type":"double","format":"%.5f","description":"Training RMSE"},{"__meta":{"schema_version":-1,"schema_name":"ColumnSpecsBase","schema_type":"Iced"},"name":"training_mae","type":"double","format":"%.5f","description":"Training MAE"},{"__meta":{"schema_version":-1,"schema_name":"ColumnSpecsBase","schema_type":"Iced"},"name":"training_deviance","type":"double","format":"%.5f","description":"Training Deviance"},{"__meta":{"schema_version":-1,"schema_name":"ColumnSpecsBase","schema_type":"Iced"},"name":"validation_rmse","type":"double","format":"%.5f","description":"Validation RMSE"},{"__meta":{"schema_version":-1,"schema_name":"ColumnSpecsBase","schema_type":"Iced"},"name":"validation_mae","type":"double","format":"%.5f","description":"Validation MAE"},{"__meta":{"schema_version":-1,"schema_name":"ColumnSpecsBase","schema_type":"Iced"},"name":"validation_deviance","type":"double","format":"%.5f","description":"Validation Deviance"}],"rowcount":11,"data":[["","","","","","","","","","",""],["2022-03-15 10:52:12","2022-03-15 10:52:15","2022-03-15 10:52:18","2022-03-15 10:52:20","2022-03-15 10:52:22","2022-03-15 10:52:24","2022-03-15 10:52:26","2022-03-15 10:52:28","2022-03-15 10:52:29","2022-03-15 10:52:31","2022-03-15 10:52:32"],[" 2 min 45.330 sec"," 2 min 47.970 sec"," 2 min 50.462 sec"," 2 min 52.686 sec"," 2 min 54.811 sec"," 2 min 56.824 sec"," 2 min 58.554 sec"," 3 min  0.499 sec"," 3 min  2.239 sec"," 3 min  3.785 sec"," 3 min  5.099 sec"],[0,5,10,15,20,25,30,35,40,45,50],[11.370248255787995,7.889570700956958,5.771565641596345,4.344428691213158,3.4915031889331134,2.882018694008167,2.5020402801502715,2.1278001166623,1.853104283661695,1.6385202042947988,1.4919893460495417],[9.567294458807533,6.589412600665814,4.757671262462867,3.522732210225653,2.7746817579799368,2.250935436060964,1.9292177234819856,1.624910536952202,1.4073891627145152,1.2456150231679168,1.131394725245827],[129.28254539824994,62.24532584539847,33.31096995525542,18.874060653036068,12.190594518330101,8.30603175261254,6.2602055634944485,4.527533336468098,3.433995486125324,2.684748459882269,2.226032208725339],[11.238478475148773,8.679711047855093,7.466943756624588,6.765208000409902,6.522814495197351,6.44021579470157,6.414995980333077,6.403912936918085,6.403623208760439,6.4034674588432905,6.405971353756476],[9.42728169900077,7.194334928234291,6.054502207084544,5.367479649130235,5.0732885646986094,4.949031021024556,4.887502790010225,4.855168131232652,4.839716227780396,4.832421085099355,4.832463401486188],[126.30339843638227,75.33738387425775,55.75524906459492,45.76803928881014,42.54710893875667,41.47637948232357,41.15217342768954,41.010100903626814,41.00639019977534,41.00439549646495,41.03646898514857]]},{"__meta":{"schema_version":3,"schema_name":"TwoDimTableV3","schema_type":"TwoDimTable"},"name":"Scoring History","description":"","columns":[{"__meta":{"schema_version":-1,"schema_name":"ColumnSpecsBase","schema_type":"Iced"},"name":"","type":"string","format":"%s","description":""},{"__meta":{"schema_version":-1,"schema_name":"ColumnSpecsBase","schema_type":"Iced"},"name":"timestamp","type":"string","format":"%s","description":"Timestamp"},{"__meta":{"schema_version":-1,"schema_name":"ColumnSpecsBase","schema_type":"Iced"},"name":"duration","type":"string","format":"%s","description":"Duration"},{"__meta":{"schema_version":-1,"schema_name":"ColumnSpecsBase","schema_type":"Iced"},"name":"number_of_trees","type":"long","format":"%d","description":"Number of Trees"},{"__meta":{"schema_version":-1,"schema_name":"ColumnSpecsBase","schema_type":"Iced"},"name":"training_rmse","type":"double","format":"%.5f","description":"Training RMSE"},{"__meta":{"schema_version":-1,"schema_name":"ColumnSpecsBase","schema_type":"Iced"},"name":"training_mae","type":"double","format":"%.5f","description":"Training MAE"},{"__meta":{"schema_version":-1,"schema_name":"ColumnSpecsBase","schema_type":"Iced"},"name":"training_deviance","type":"double","format":"%.5f","description":"Training Deviance"},{"__meta":{"schema_version":-1,"schema_name":"ColumnSpecsBase","schema_type":"Iced"},"name":"validation_rmse","type":"double","format":"%.5f","description":"Validation RMSE"},{"__meta":{"schema_version":-1,"schema_name":"ColumnSpecsBase","schema_type":"Iced"},"name":"validation_mae","type":"double","format":"%.5f","description":"Validation MAE"},{"__meta":{"schema_version":-1,"schema_name":"ColumnSpecsBase","schema_type":"Iced"},"name":"validation_deviance","type":"double","format":"%.5f","description":"Validation Deviance"}],"rowcount":12,"data":[["","","","","","","","","","","",""],["2022-03-15 10:52:32","2022-03-15 10:52:35","2022-03-15 10:52:37","2022-03-15 10:52:40","2022-03-15 10:52:42","2022-03-15 10:52:44","2022-03-15 10:52:46","2022-03-15 10:52:47","2022-03-15 10:52:49","2022-03-15 10:52:51","2022-03-15 10:52:52","2022-03-15 10:52:53"],[" 3 min  5.146 sec"," 3 min  7.767 sec"," 3 min 10.269 sec"," 3 min 12.534 sec"," 3 min 14.579 sec"," 3 min 16.561 sec"," 3 min 18.376 sec"," 3 min 20.189 sec"," 3 min 21.853 sec"," 3 min 23.361 sec"," 3 min 24.820 sec"," 3 min 26.282 sec"],[0,5,10,15,20,25,30,35,40,45,50,55],[11.360676164518672,7.85670353341324,5.741535432807107,4.322254059242541,3.482126599933355,2.8996927724275467,2.5100477121445812,2.15459267691261,1.8867971606840346,1.6737825947861984,1.5032257158787585,1.3327075209571266],[9.55651921660544,6.555507377003129,4.727714006976385,3.505613275978519,2.769083389384774,2.2625410111183335,1.9311696371120335,1.6426328208492595,1.4289376438166959,1.269447765705531,1.1413652703122332,1.0119720066751685],[129.0649629150627,61.72779041194809,32.9652291261795,18.681880152638623,12.125205657963429,8.408218174468551,6.300339517242246,4.642269603405446,3.5600035255653344,2.801548174609219,2.259687552879206,1.77610933641569],[11.325544557175732,8.731423064611898,7.5170663182342485,6.850808996376495,6.61206769570177,6.520331232269564,6.481112877206981,6.457922522230153,6.450695697036205,6.455287709066687,6.461516170636238,6.471113577836924],[9.51418714084784,7.239698011616878,6.091345373993685,5.408320129168786,5.123366420673191,4.988193213849324,4.931495393917825,4.894394268613346,4.878119083072496,4.878648042075176,4.879373042610603,4.880947045383584],[128.26795951657286,76.23774873323663,56.5062860327318,46.933583904833114,43.71943921254291,42.51471937850994,42.00482412709816,41.704763303127464,41.61147497576142,41.670739406827444,41.7511912233936,41.87531093726539]]},{"__meta":{"schema_version":3,"schema_name":"TwoDimTableV3","schema_type":"TwoDimTable"},"name":"Scoring History","description":"","columns":[{"__meta":{"schema_version":-1,"schema_name":"ColumnSpecsBase","schema_type":"Iced"},"name":"","type":"string","format":"%s","description":""},{"__meta":{"schema_version":-1,"schema_name":"ColumnSpecsBase","schema_type":"Iced"},"name":"timestamp","type":"string","format":"%s","description":"Timestamp"},{"__meta":{"schema_version":-1,"schema_name":"ColumnSpecsBase","schema_type":"Iced"},"name":"duration","type":"string","format":"%s","description":"Duration"},{"__meta":{"schema_version":-1,"schema_name":"ColumnSpecsBase","schema_type":"Iced"},"name":"number_of_trees","type":"long","format":"%d","description":"Number of Trees"},{"__meta":{"schema_version":-1,"schema_name":"ColumnSpecsBase","schema_type":"Iced"},"name":"training_rmse","type":"double","format":"%.5f","description":"Training RMSE"},{"__meta":{"schema_version":-1,"schema_name":"ColumnSpecsBase","schema_type":"Iced"},"name":"training_mae","type":"double","format":"%.5f","description":"Training MAE"},{"__meta":{"schema_version":-1,"schema_name":"ColumnSpecsBase","schema_type":"Iced"},"name":"training_deviance","type":"double","format":"%.5f","description":"Training Deviance"},{"__meta":{"schema_version":-1,"schema_name":"ColumnSpecsBase","schema_type":"Iced"},"name":"validation_rmse","type":"double","format":"%.5f","description":"Validation RMSE"},{"__meta":{"schema_version":-1,"schema_name":"ColumnSpecsBase","schema_type":"Iced"},"name":"validation_mae","type":"double","format":"%.5f","description":"Validation MAE"},{"__meta":{"schema_version":-1,"schema_name":"ColumnSpecsBase","schema_type":"Iced"},"name":"validation_deviance","type":"double","format":"%.5f","description":"Validation Deviance"}],"rowcount":12,"data":[["","","","","","","","","","","",""],["2022-03-15 10:52:32","2022-03-15 10:52:35","2022-03-15 10:52:37","2022-03-15 10:52:40","2022-03-15 10:52:42","2022-03-15 10:52:44","2022-03-15 10:52:46","2022-03-15 10:52:47","2022-03-15 10:52:49","2022-03-15 10:52:50","2022-03-15 10:52:52","2022-03-15 10:52:53"],[" 3 min  5.147 sec"," 3 min  7.734 sec"," 3 min 10.148 sec"," 3 min 12.412 sec"," 3 min 14.465 sec"," 3 min 16.444 sec"," 3 min 18.335 sec"," 3 min 20.069 sec"," 3 min 21.702 sec"," 3 min 23.254 sec"," 3 min 24.614 sec"," 3 min 25.933 sec"],[0,5,10,15,20,25,30,35,40,45,50,55],[11.346087853565642,7.853381921759351,5.753505262502303,4.325808103924586,3.5063006676565944,2.9140133366293255,2.4955782832876516,2.1623717225319687,1.8905540868236193,1.6686886128727951,1.5163479790826977,1.3692047454196652],[9.540471949370328,6.561336697751988,4.740996531286527,3.50535701414364,2.7799129668478395,2.26784026309723,1.916759034472545,1.6453835602872773,1.4331118719797382,1.2675480326888482,1.1490575996121324,1.039718190465441],[128.7337095808298,61.6756076090166,33.10282280564169,18.712615751979623,12.294144372009079,8.491473726053576,6.227910968016942,4.675851466405873,3.574194755205489,2.7845216867313334,2.2993111936681814,1.8747216348797302],[11.456207139970177,8.928304138497275,7.715706258497406,7.025403431745004,6.78058701688473,6.664205345192557,6.630871408721369,6.597059747875653,6.595844552576756,6.594319999924701,6.607043424836919,6.609891700579665],[9.664045391333559,7.437334553476386,6.275781546466191,5.577493673316366,5.2809532763982725,5.122627669118904,5.062613486650145,5.010009446832525,4.996664545385408,4.991937206156928,4.995563717022135,4.995159445764363],[131.24468203390364,79.71461478950756,59.53212306741603,49.356293378774474,45.97636029354575,44.41163288289305,43.968455638998506,43.52119731704117,43.505165361756475,43.48505626140691,43.653022817680764,43.69066829339193]]},{"__meta":{"schema_version":3,"schema_name":"TwoDimTableV3","schema_type":"TwoDimTable"},"name":"Scoring History","description":"","columns":[{"__meta":{"schema_version":-1,"schema_name":"ColumnSpecsBase","schema_type":"Iced"},"name":"","type":"string","format":"%s","description":""},{"__meta":{"schema_version":-1,"schema_name":"ColumnSpecsBase","schema_type":"Iced"},"name":"timestamp","type":"string","format":"%s","description":"Timestamp"},{"__meta":{"schema_version":-1,"schema_name":"ColumnSpecsBase","schema_type":"Iced"},"name":"duration","type":"string","format":"%s","description":"Duration"},{"__meta":{"schema_version":-1,"schema_name":"ColumnSpecsBase","schema_type":"Iced"},"name":"number_of_trees","type":"long","format":"%d","description":"Number of Trees"},{"__meta":{"schema_version":-1,"schema_name":"ColumnSpecsBase","schema_type":"Iced"},"name":"training_rmse","type":"double","format":"%.5f","description":"Training RMSE"},{"__meta":{"schema_version":-1,"schema_name":"ColumnSpecsBase","schema_type":"Iced"},"name":"training_mae","type":"double","format":"%.5f","description":"Training MAE"},{"__meta":{"schema_version":-1,"schema_name":"ColumnSpecsBase","schema_type":"Iced"},"name":"training_deviance","type":"double","format":"%.5f","description":"Training Deviance"},{"__meta":{"schema_version":-1,"schema_name":"ColumnSpecsBase","schema_type":"Iced"},"name":"validation_rmse","type":"double","format":"%.5f","description":"Validation RMSE"},{"__meta":{"schema_version":-1,"schema_name":"ColumnSpecsBase","schema_type":"Iced"},"name":"validation_mae","type":"double","format":"%.5f","description":"Validation MAE"},{"__meta":{"schema_version":-1,"schema_name":"ColumnSpecsBase","schema_type":"Iced"},"name":"validation_deviance","type":"double","format":"%.5f","description":"Validation Deviance"}],"rowcount":12,"data":[["","","","","","","","","","","",""],["2022-03-15 10:52:53","2022-03-15 10:52:56","2022-03-15 10:52:59","2022-03-15 10:53:01","2022-03-15 10:53:03","2022-03-15 10:53:05","2022-03-15 10:53:07","2022-03-15 10:53:09","2022-03-15 10:53:10","2022-03-15 10:53:12","2022-03-15 10:53:13","2022-03-15 10:53:14"],[" 3 min 26.328 sec"," 3 min 28.908 sec"," 3 min 31.411 sec"," 3 min 33.675 sec"," 3 min 35.791 sec"," 3 min 37.822 sec"," 3 min 39.650 sec"," 3 min 41.528 sec"," 3 min 43.125 sec"," 3 min 44.624 sec"," 3 min 46.001 sec"," 3 min 47.051 sec"],[0,5,10,15,20,25,30,35,40,45,50,55],[11.357470161632099,7.871739179182295,5.746214618761639,4.324692632425385,3.4637686870972835,2.8566180741884395,2.469574303710671,2.1171947998471463,1.8564564210781074,1.6561682723867357,1.4870888157660147,1.3469984869650797],[9.553354814245422,6.5739633455318,4.728424283572093,3.5027495568107145,2.7504707848824204,2.2300648227213586,1.9010461012225919,1.6136721894976604,1.4075391741570031,1.2554108565225728,1.1233351200057569,1.0138992473668815],[128.99212847236345,61.96427770507355,33.01898244486998,18.702966364954406,11.99769351771564,8.16026682178007,6.098797241548046,4.482513820499799,3.446430443362135,2.742893346460465,2.211433145976368,1.814404923886214],[11.35449926466786,8.822525066155704,7.642510744661475,6.96570172969895,6.751446000965754,6.643089214258547,6.6329411508269125,6.6125415391373235,6.604680706219073,6.610651331135211,6.611841855675427,6.624292282602159],[9.568025324250764,7.357055893897419,6.220015540112742,5.5206325183328895,5.239057929210916,5.090499065857301,5.050101939699528,5.011836070225027,5.000062588170047,4.999093282596209,4.997975702955579,5.002759520190867],[128.92465355134297,77.83694854294572,58.407970482266094,48.52100058713095,45.58202310395647,44.13063430859824,43.99590831033304,43.725705606816604,43.621807231102466,43.70071102183974,43.71645272446147,43.88124824534252]]},{"__meta":{"schema_version":3,"schema_name":"TwoDimTableV3","schema_type":"TwoDimTable"},"name":"Scoring History","description":"","columns":[{"__meta":{"schema_version":-1,"schema_name":"ColumnSpecsBase","schema_type":"Iced"},"name":"","type":"string","format":"%s","description":""},{"__meta":{"schema_version":-1,"schema_name":"ColumnSpecsBase","schema_type":"Iced"},"name":"timestamp","type":"string","format":"%s","description":"Timestamp"},{"__meta":{"schema_version":-1,"schema_name":"ColumnSpecsBase","schema_type":"Iced"},"name":"duration","type":"string","format":"%s","description":"Duration"},{"__meta":{"schema_version":-1,"schema_name":"ColumnSpecsBase","schema_type":"Iced"},"name":"number_of_trees","type":"long","format":"%d","description":"Number of Trees"},{"__meta":{"schema_version":-1,"schema_name":"ColumnSpecsBase","schema_type":"Iced"},"name":"training_rmse","type":"double","format":"%.5f","description":"Training RMSE"},{"__meta":{"schema_version":-1,"schema_name":"ColumnSpecsBase","schema_type":"Iced"},"name":"training_mae","type":"double","format":"%.5f","description":"Training MAE"},{"__meta":{"schema_version":-1,"schema_name":"ColumnSpecsBase","schema_type":"Iced"},"name":"training_deviance","type":"double","format":"%.5f","description":"Training Deviance"},{"__meta":{"schema_version":-1,"schema_name":"ColumnSpecsBase","schema_type":"Iced"},"name":"validation_rmse","type":"double","format":"%.5f","description":"Validation RMSE"},{"__meta":{"schema_version":-1,"schema_name":"ColumnSpecsBase","schema_type":"Iced"},"name":"validation_mae","type":"double","format":"%.5f","description":"Validation MAE"},{"__meta":{"schema_version":-1,"schema_name":"ColumnSpecsBase","schema_type":"Iced"},"name":"validation_deviance","type":"double","format":"%.5f","description":"Validation Deviance"}],"rowcount":11,"data":[["","","","","","","","","","",""],["2022-03-15 10:52:53","2022-03-15 10:52:56","2022-03-15 10:52:59","2022-03-15 10:53:01","2022-03-15 10:53:03","2022-03-15 10:53:05","2022-03-15 10:53:07","2022-03-15 10:53:08","2022-03-15 10:53:10","2022-03-15 10:53:12","2022-03-15 10:53:13"],[" 3 min 26.328 sec"," 3 min 28.901 sec"," 3 min 31.349 sec"," 3 min 33.636 sec"," 3 min 35.705 sec"," 3 min 37.724 sec"," 3 min 39.470 sec"," 3 min 41.290 sec"," 3 min 43.022 sec"," 3 min 44.435 sec"," 3 min 45.881 sec"],[0,5,10,15,20,25,30,35,40,45,50],[11.344182806126945,7.877799088856897,5.775315167638768,4.329686029959565,3.48290957298467,2.881598173977729,2.4968021655222508,2.1519739877957313,1.8713687063742528,1.6713502672026597,1.512561423550005],[9.540691400636334,6.576629130000398,4.757111852361102,3.506846143455606,2.7626250216460946,2.2449455414261075,1.9217937067537088,1.640287768033638,1.421687105181487,1.2707383183803074,1.1451868776720702],[128.69048353882621,62.059718484394566,33.354265285558405,18.746181118027017,12.130659093588257,8.303608036271783,6.234021053756601,4.630992044149462,3.502020835196844,2.7934117156784017,2.2878420600116174],[11.473225400558286,8.854745028317895,7.5939061983076375,6.910355973611699,6.646353282826939,6.539336915765242,6.540155691437122,6.533246763997113,6.532230673619403,6.528182973628823,6.529241395041802],[9.677108506669164,7.395258879978157,6.193867640862375,5.501180507271296,5.184804214850146,5.040638064791912,5.0044184127080475,4.974525536902393,4.963201891059523,4.950809257831192,4.946196013059124],[131.63490109201587,78.40650951652047,57.66741134869516,47.753019682030896,44.17401196014443,42.762927297890066,42.77363646823738,42.68331327927874,42.6700375733742,42.61717293717726,42.63099319472741]]},{"__meta":{"schema_version":3,"schema_name":"TwoDimTableV3","schema_type":"TwoDimTable"},"name":"Scoring History","description":"","columns":[{"__meta":{"schema_version":-1,"schema_name":"ColumnSpecsBase","schema_type":"Iced"},"name":"","type":"string","format":"%s","description":""},{"__meta":{"schema_version":-1,"schema_name":"ColumnSpecsBase","schema_type":"Iced"},"name":"timestamp","type":"string","format":"%s","description":"Timestamp"},{"__meta":{"schema_version":-1,"schema_name":"ColumnSpecsBase","schema_type":"Iced"},"name":"duration","type":"string","format":"%s","description":"Duration"},{"__meta":{"schema_version":-1,"schema_name":"ColumnSpecsBase","schema_type":"Iced"},"name":"number_of_trees","type":"long","format":"%d","description":"Number of Trees"},{"__meta":{"schema_version":-1,"schema_name":"ColumnSpecsBase","schema_type":"Iced"},"name":"training_rmse","type":"double","format":"%.5f","description":"Training RMSE"},{"__meta":{"schema_version":-1,"schema_name":"ColumnSpecsBase","schema_type":"Iced"},"name":"training_mae","type":"double","format":"%.5f","description":"Training MAE"},{"__meta":{"schema_version":-1,"schema_name":"ColumnSpecsBase","schema_type":"Iced"},"name":"training_deviance","type":"double","format":"%.5f","description":"Training Deviance"},{"__meta":{"schema_version":-1,"schema_name":"ColumnSpecsBase","schema_type":"Iced"},"name":"validation_rmse","type":"double","format":"%.5f","description":"Validation RMSE"},{"__meta":{"schema_version":-1,"schema_name":"ColumnSpecsBase","schema_type":"Iced"},"name":"validation_mae","type":"double","format":"%.5f","description":"Validation MAE"},{"__meta":{"schema_version":-1,"schema_name":"ColumnSpecsBase","schema_type":"Iced"},"name":"validation_deviance","type":"double","format":"%.5f","description":"Validation Deviance"}],"rowcount":12,"data":[["","","","","","","","","","","",""],["2022-03-15 10:53:14","2022-03-15 10:53:17","2022-03-15 10:53:19","2022-03-15 10:53:21","2022-03-15 10:53:24","2022-03-15 10:53:25","2022-03-15 10:53:27","2022-03-15 10:53:29","2022-03-15 10:53:31","2022-03-15 10:53:32","2022-03-15 10:53:34","2022-03-15 10:53:35"],[" 3 min 47.097 sec"," 3 min 49.672 sec"," 3 min 52.088 sec"," 3 min 54.324 sec"," 3 min 56.352 sec"," 3 min 58.239 sec"," 3 min 59.973 sec"," 4 min  1.891 sec"," 4 min  3.532 sec"," 4 min  5.120 sec"," 4 min  6.555 sec"," 4 min  8.039 sec"],[0,5,10,15,20,25,30,35,40,45,50,55],[11.354325619598503,7.886700879662885,5.780509227922456,4.356459294054486,3.517034120844857,2.9346512790803896,2.5332868014163674,2.154001297748259,1.9053312741944999,1.6741981976561238,1.5116516769984043,1.3553390727070942],[9.553887152513303,6.594538181202271,4.755921728365283,3.5314729382627075,2.792472411434459,2.2900034853121554,1.9532320832515846,1.646833249772072,1.4477333417034637,1.2742796504102598,1.1461920744008274,1.0281274895877388],[128.92071027587093,62.20005076527533,33.41428693409667,18.978737580753705,12.369529007186955,8.612178129808166,6.417542018230369,4.639721590701185,3.630287264423637,2.8029396050350135,2.285090792572088,1.836944002006526],[11.382519326522031,8.779858518006089,7.5265665903788,6.794727087005687,6.53952410818351,6.428024426030645,6.399370713447382,6.375081233111291,6.373937028658734,6.3793898998783884,6.38192000188183,6.3865689737884495],[9.543190216797743,7.298747701991017,6.153962995363194,5.414527706075564,5.084826824563791,4.946427274550229,4.899413063809293,4.859690917591325,4.856343631337611,4.856824851854985,4.852736775025987,4.852965914214659],[129.56174621864756,77.08591559620407,56.64920463940635,46.168316186888795,42.76537556151334,41.3194980216466,40.95194552812806,40.641660728767775,40.627073245306924,40.6966154946704,40.72890291041937,40.78826325695725]]},{"__meta":{"schema_version":3,"schema_name":"TwoDimTableV3","schema_type":"TwoDimTable"},"name":"Scoring History","description":"","columns":[{"__meta":{"schema_version":-1,"schema_name":"ColumnSpecsBase","schema_type":"Iced"},"name":"","type":"string","format":"%s","description":""},{"__meta":{"schema_version":-1,"schema_name":"ColumnSpecsBase","schema_type":"Iced"},"name":"timestamp","type":"string","format":"%s","description":"Timestamp"},{"__meta":{"schema_version":-1,"schema_name":"ColumnSpecsBase","schema_type":"Iced"},"name":"duration","type":"string","format":"%s","description":"Duration"},{"__meta":{"schema_version":-1,"schema_name":"ColumnSpecsBase","schema_type":"Iced"},"name":"number_of_trees","type":"long","format":"%d","description":"Number of Trees"},{"__meta":{"schema_version":-1,"schema_name":"ColumnSpecsBase","schema_type":"Iced"},"name":"training_rmse","type":"double","format":"%.5f","description":"Training RMSE"},{"__meta":{"schema_version":-1,"schema_name":"ColumnSpecsBase","schema_type":"Iced"},"name":"training_mae","type":"double","format":"%.5f","description":"Training MAE"},{"__meta":{"schema_version":-1,"schema_name":"ColumnSpecsBase","schema_type":"Iced"},"name":"training_deviance","type":"double","format":"%.5f","description":"Training Deviance"},{"__meta":{"schema_version":-1,"schema_name":"ColumnSpecsBase","schema_type":"Iced"},"name":"validation_rmse","type":"double","format":"%.5f","description":"Validation RMSE"},{"__meta":{"schema_version":-1,"schema_name":"ColumnSpecsBase","schema_type":"Iced"},"name":"validation_mae","type":"double","format":"%.5f","description":"Validation MAE"},{"__meta":{"schema_version":-1,"schema_name":"ColumnSpecsBase","schema_type":"Iced"},"name":"validation_deviance","type":"double","format":"%.5f","description":"Validation Deviance"}],"rowcount":12,"data":[["","","","","","","","","","","",""],["2022-03-15 10:53:14","2022-03-15 10:53:17","2022-03-15 10:53:19","2022-03-15 10:53:22","2022-03-15 10:53:24","2022-03-15 10:53:26","2022-03-15 10:53:27","2022-03-15 10:53:29","2022-03-15 10:53:31","2022-03-15 10:53:32","2022-03-15 10:53:34","2022-03-15 10:53:35"],[" 3 min 47.098 sec"," 3 min 49.734 sec"," 3 min 52.196 sec"," 3 min 54.436 sec"," 3 min 56.444 sec"," 3 min 58.508 sec"," 4 min  0.330 sec"," 4 min  2.097 sec"," 4 min  3.745 sec"," 4 min  5.205 sec"," 4 min  6.506 sec"," 4 min  8.093 sec"],[0,5,10,15,20,25,30,35,40,45,50,55],[11.35472012282722,7.882663766207,5.76090404760766,4.347788306234006,3.512506205404195,2.8984595191307254,2.501675417290641,2.150046238271385,1.8971988533243556,1.6857448953602547,1.5413524675013632,1.3678020582166124],[9.551870191381136,6.584035409521413,4.745754550828015,3.523992629592886,2.7865722622481623,2.2580476143603168,1.9231551232718975,1.6417946350046158,1.4401187852682806,1.2811577943726833,1.1677798913145416,1.0372444214044274],[128.92966906773742,62.13638805107272,33.188015445742316,18.903263155825165,12.337699843002978,8.401067584039517,6.258379893476302,4.622698826704933,3.59936348905525,2.8417358522331564,2.375767429072541,1.8708824704616014],[11.37894839939508,8.809919086875395,7.5816957533790825,6.932335260680172,6.716916345040636,6.625432880670121,6.60292966786926,6.579168225981895,6.581058337220503,6.5793494071744885,6.594076349075518,6.602749982099103],[9.56253351224733,7.3164068740343176,6.142194666111646,5.475224209266398,5.198646324438994,5.069512584684259,5.0182039270078125,4.9813066534492965,4.974718539271892,4.970017011323505,4.97964987130744,4.984725084309934],[129.48046667609586,77.6146743172914,57.48211049680641,48.05727216646962,45.11696518627406,43.89636085626477,43.598680198828056,43.285454545769745,43.31032883789949,43.28783862168729,43.48184289743711,43.596307326109695]]},{"__meta":{"schema_version":3,"schema_name":"TwoDimTableV3","schema_type":"TwoDimTable"},"name":"Scoring History","description":"","columns":[{"__meta":{"schema_version":-1,"schema_name":"ColumnSpecsBase","schema_type":"Iced"},"name":"","type":"string","format":"%s","description":""},{"__meta":{"schema_version":-1,"schema_name":"ColumnSpecsBase","schema_type":"Iced"},"name":"timestamp","type":"string","format":"%s","description":"Timestamp"},{"__meta":{"schema_version":-1,"schema_name":"ColumnSpecsBase","schema_type":"Iced"},"name":"duration","type":"string","format":"%s","description":"Duration"},{"__meta":{"schema_version":-1,"schema_name":"ColumnSpecsBase","schema_type":"Iced"},"name":"number_of_trees","type":"long","format":"%d","description":"Number of Trees"},{"__meta":{"schema_version":-1,"schema_name":"ColumnSpecsBase","schema_type":"Iced"},"name":"training_rmse","type":"double","format":"%.5f","description":"Training RMSE"},{"__meta":{"schema_version":-1,"schema_name":"ColumnSpecsBase","schema_type":"Iced"},"name":"training_mae","type":"double","format":"%.5f","description":"Training MAE"},{"__meta":{"schema_version":-1,"schema_name":"ColumnSpecsBase","schema_type":"Iced"},"name":"training_deviance","type":"double","format":"%.5f","description":"Training Deviance"},{"__meta":{"schema_version":-1,"schema_name":"ColumnSpecsBase","schema_type":"Iced"},"name":"validation_rmse","type":"double","format":"%.5f","description":"Validation RMSE"},{"__meta":{"schema_version":-1,"schema_name":"ColumnSpecsBase","schema_type":"Iced"},"name":"validation_mae","type":"double","format":"%.5f","description":"Validation MAE"},{"__meta":{"schema_version":-1,"schema_name":"ColumnSpecsBase","schema_type":"Iced"},"name":"validation_deviance","type":"double","format":"%.5f","description":"Validation Deviance"}],"rowcount":12,"data":[["","","","","","","","","","","",""],["2022-03-15 10:53:35","2022-03-15 10:53:38","2022-03-15 10:53:41","2022-03-15 10:53:43","2022-03-15 10:53:45","2022-03-15 10:53:47","2022-03-15 10:53:49","2022-03-15 10:53:51","2022-03-15 10:53:52","2022-03-15 10:53:54","2022-03-15 10:53:55","2022-03-15 10:53:57"],[" 4 min  8.139 sec"," 4 min 10.959 sec"," 4 min 13.476 sec"," 4 min 15.710 sec"," 4 min 17.700 sec"," 4 min 19.824 sec"," 4 min 21.653 sec"," 4 min 23.464 sec"," 4 min 25.097 sec"," 4 min 26.588 sec"," 4 min 28.047 sec"," 4 min 29.511 sec"],[0,5,10,15,20,25,30,35,40,45,50,55],[11.366450055728217,7.892658166858529,5.771984558402213,4.344892819355822,3.511220429437893,2.9191524071233474,2.5169542899201387,2.160620233755346,1.902453780459942,1.6948394921835093,1.5236508961525934,1.372681800620389],[9.565447729334787,6.58996915790438,4.759352661405218,3.527636496138466,2.7931297903752372,2.2763848502813055,1.9372708428783774,1.6464862997410412,1.4425142030540608,1.2854583799639614,1.1531556117004182,1.03768931904218],[129.19618686936397,62.294052938878636,33.3158057424336,18.87809361168978,12.328668904102022,8.521450776014033,6.335058897547389,4.668279794513007,3.619330386786325,2.8724809042648554,2.3215120533466007,1.8842553257544334],[11.27330407713227,8.707661639931423,7.516734817889481,6.841851137018412,6.609739303778259,6.515600096380004,6.502862685838056,6.471675268161746,6.467075952258202,6.470256051605839,6.4685562405452215,6.46861521779792],[9.45851593811766,7.232427648551084,6.115269528597325,5.431679841013473,5.142290485945268,5.002831932577415,4.954828246892797,4.911836003453351,4.899383389041992,4.896449502537165,4.895457038719203,4.892326311487156],[127.08738481548704,75.8233712355332,56.50130232247201,46.81092698112013,43.6886536639111,42.453044615947114,42.287223110864936,41.88258077653641,41.82307137227634,41.86421337334198,41.84221983709653,41.84298283592683]]},{"__meta":{"schema_version":3,"schema_name":"TwoDimTableV3","schema_type":"TwoDimTable"},"name":"Scoring History","description":"","columns":[{"__meta":{"schema_version":-1,"schema_name":"ColumnSpecsBase","schema_type":"Iced"},"name":"","type":"string","format":"%s","description":""},{"__meta":{"schema_version":-1,"schema_name":"ColumnSpecsBase","schema_type":"Iced"},"name":"timestamp","type":"string","format":"%s","description":"Timestamp"},{"__meta":{"schema_version":-1,"schema_name":"ColumnSpecsBase","schema_type":"Iced"},"name":"duration","type":"string","format":"%s","description":"Duration"},{"__meta":{"schema_version":-1,"schema_name":"ColumnSpecsBase","schema_type":"Iced"},"name":"number_of_trees","type":"long","format":"%d","description":"Number of Trees"},{"__meta":{"schema_version":-1,"schema_name":"ColumnSpecsBase","schema_type":"Iced"},"name":"training_rmse","type":"double","format":"%.5f","description":"Training RMSE"},{"__meta":{"schema_version":-1,"schema_name":"ColumnSpecsBase","schema_type":"Iced"},"name":"training_mae","type":"double","format":"%.5f","description":"Training MAE"},{"__meta":{"schema_version":-1,"schema_name":"ColumnSpecsBase","schema_type":"Iced"},"name":"training_deviance","type":"double","format":"%.5f","description":"Training Deviance"},{"__meta":{"schema_version":-1,"schema_name":"ColumnSpecsBase","schema_type":"Iced"},"name":"validation_rmse","type":"double","format":"%.5f","description":"Validation RMSE"},{"__meta":{"schema_version":-1,"schema_name":"ColumnSpecsBase","schema_type":"Iced"},"name":"validation_mae","type":"double","format":"%.5f","description":"Validation MAE"},{"__meta":{"schema_version":-1,"schema_name":"ColumnSpecsBase","schema_type":"Iced"},"name":"validation_deviance","type":"double","format":"%.5f","description":"Validation Deviance"}],"rowcount":13,"data":[["","","","","","","","","","","","",""],["2022-03-15 10:53:35","2022-03-15 10:53:38","2022-03-15 10:53:41","2022-03-15 10:53:43","2022-03-15 10:53:45","2022-03-15 10:53:47","2022-03-15 10:53:49","2022-03-15 10:53:51","2022-03-15 10:53:52","2022-03-15 10:53:54","2022-03-15 10:53:55","2022-03-15 10:53:57","2022-03-15 10:53:57"],[" 4 min  8.139 sec"," 4 min 10.938 sec"," 4 min 13.435 sec"," 4 min 15.674 sec"," 4 min 17.799 sec"," 4 min 19.899 sec"," 4 min 21.688 sec"," 4 min 23.419 sec"," 4 min 25.023 sec"," 4 min 26.550 sec"," 4 min 27.751 sec"," 4 min 29.349 sec"," 4 min 30.301 sec"],[0,5,10,15,20,25,30,35,40,45,50,55,60],[11.362435132378153,7.870867433711581,5.755219502382035,4.329505526052849,3.467450062368334,2.87442979174953,2.486887767381145,2.1529362137839376,1.894430132156377,1.6787494542731864,1.5401992623078316,1.3627747806649733,1.2464733611424057],[9.559615979938032,6.577099555853816,4.742725531951916,3.5096982086368667,2.7558947601372568,2.24403559840071,1.9153889458058841,1.6396244438255638,1.4376607373633428,1.2730237697275266,1.164410649260178,1.0321428157947456,0.9433571208196384],[129.10493213750132,61.95055415906153,33.12255152059851,18.744618100122164,12.023209935018162,8.262346627697248,6.1846107675499775,4.635134340622317,3.588865525622028,2.8181997302225215,2.3722137676135886,1.857155102816466,1.5536958400376462],[11.309470993054797,8.764005843055948,7.572950950769888,6.899797413037521,6.645781980849767,6.554090537451645,6.515756299145798,6.481002386228524,6.460854048281327,6.464495843969386,6.464793957650236,6.473728763674837,6.47539792887439],[9.49101842248523,7.2928407383508445,6.17170100106728,5.4879959828909755,5.176393702531528,5.0377728422544985,4.978415269567947,4.9336313211107115,4.908489565873703,4.905303946104399,4.904688136635156,4.90376968310957,4.904324945351626],[127.90413414274784,76.80779841711879,57.34958610276655,47.60720434095927,44.16641813698745,42.956102773113194,42.45508014985814,42.00339193029983,41.74263503319321,41.789706516697464,41.793560914871,41.90916410563093,41.93077833727074]]}],"reproducibility_information_table":[{"__meta":{"schema_version":3,"schema_name":"TwoDimTableV3","schema_type":"TwoDimTable"},"name":"Node Information","description":"","columns":[{"__meta":{"schema_version":-1,"schema_name":"ColumnSpecsBase","schema_type":"Iced"},"name":"","type":"string","format":"%s","description":""},{"__meta":{"schema_version":-1,"schema_name":"ColumnSpecsBase","schema_type":"Iced"},"name":"node","type":"int","format":"%d","description":"node"},{"__meta":{"schema_version":-1,"schema_name":"ColumnSpecsBase","schema_type":"Iced"},"name":"h2o","type":"string","format":"%s","description":"h2o"},{"__meta":{"schema_version":-1,"schema_name":"ColumnSpecsBase","schema_type":"Iced"},"name":"healthy","type":"string","format":"%s","description":"healthy"},{"__meta":{"schema_version":-1,"schema_name":"ColumnSpecsBase","schema_type":"Iced"},"name":"last_ping","type":"string","format":"%s","description":"last_ping"},{"__meta":{"schema_version":-1,"schema_name":"ColumnSpecsBase","schema_type":"Iced"},"name":"num_cpus","type":"int","format":"%d","description":"num_cpus"},{"__meta":{"schema_version":-1,"schema_name":"ColumnSpecsBase","schema_type":"Iced"},"name":"sys_load","type":"double","format":"%.5f","description":"sys_load"},{"__meta":{"schema_version":-1,"schema_name":"ColumnSpecsBase","schema_type":"Iced"},"name":"mem_value_size","type":"long","format":"%d","description":"mem_value_size"},{"__meta":{"schema_version":-1,"schema_name":"ColumnSpecsBase","schema_type":"Iced"},"name":"free_mem","type":"long","format":"%d","description":"free_mem"},{"__meta":{"schema_version":-1,"schema_name":"ColumnSpecsBase","schema_type":"Iced"},"name":"pojo_mem","type":"long","format":"%d","description":"pojo_mem"},{"__meta":{"schema_version":-1,"schema_name":"ColumnSpecsBase","schema_type":"Iced"},"name":"swap_mem","type":"long","format":"%d","description":"swap_mem"},{"__meta":{"schema_version":-1,"schema_name":"ColumnSpecsBase","schema_type":"Iced"},"name":"free_disc","type":"long","format":"%d","description":"free_disc"},{"__meta":{"schema_version":-1,"schema_name":"ColumnSpecsBase","schema_type":"Iced"},"name":"max_disc","type":"long","format":"%d","description":"max_disc"},{"__meta":{"schema_version":-1,"schema_name":"ColumnSpecsBase","schema_type":"Iced"},"name":"pid","type":"int","format":"%d","description":"pid"},{"__meta":{"schema_version":-1,"schema_name":"ColumnSpecsBase","schema_type":"Iced"},"name":"num_keys","type":"int","format":"%d","description":"num_keys"},{"__meta":{"schema_version":-1,"schema_name":"ColumnSpecsBase","schema_type":"Iced"},"name":"tcps_active","type":"string","format":"%s","description":"tcps_active"},{"__meta":{"schema_version":-1,"schema_name":"ColumnSpecsBase","schema_type":"Iced"},"name":"open_fds","type":"int","format":"%d","description":"open_fds"},{"__meta":{"schema_version":-1,"schema_name":"ColumnSpecsBase","schema_type":"Iced"},"name":"rpcs_active","type":"string","format":"%s","description":"rpcs_active"},{"__meta":{"schema_version":-1,"schema_name":"ColumnSpecsBase","schema_type":"Iced"},"name":"nthreads","type":"int","format":"%d","description":"nthreads"},{"__meta":{"schema_version":-1,"schema_name":"ColumnSpecsBase","schema_type":"Iced"},"name":"is_leader","type":"string","format":"%s","description":"is_leader"},{"__meta":{"schema_version":-1,"schema_name":"ColumnSpecsBase","schema_type":"Iced"},"name":"total_mem","type":"long","format":"%d","description":"total_mem"},{"__meta":{"schema_version":-1,"schema_name":"ColumnSpecsBase","schema_type":"Iced"},"name":"max_mem","type":"long","format":"%d","description":"max_mem"},{"__meta":{"schema_version":-1,"schema_name":"ColumnSpecsBase","schema_type":"Iced"},"name":"java_version","type":"string","format":"%s","description":"java_version"},{"__meta":{"schema_version":-1,"schema_name":"ColumnSpecsBase","schema_type":"Iced"},"name":"jvm_launch_parameters","type":"string","format":"%s","description":"jvm_launch_parameters"},{"__meta":{"schema_version":-1,"schema_name":"ColumnSpecsBase","schema_type":"Iced"},"name":"os_version","type":"string","format":"%s","description":"os_version"},{"__meta":{"schema_version":-1,"schema_name":"ColumnSpecsBase","schema_type":"Iced"},"name":"machine_physical_mem","type":"long","format":"%d","description":"machine_physical_mem"},{"__meta":{"schema_version":-1,"schema_name":"ColumnSpecsBase","schema_type":"Iced"},"name":"machine_locale","type":"string","format":"%s","description":"machine_locale"}],"rowcount":1,"data":[[""],[0],["127.0.0.1:54321"],["true"],["1647366837242"],[12],[0.5737661],[829830044],[36941061472],[406712068],[0],[39196819456],[248934039552],[17000],[19151],["\u0000"],[-1],["\u0000"],[12],["true"],[14464057344],[38177603584],["Java 1.8.0_231 (from Oracle Corporation)"],["[-Xmx40g, -ea]"],["Windows 10 10.0 (amd64)"],[68564684800],["en_US"]]},{"__meta":{"schema_version":3,"schema_name":"TwoDimTableV3","schema_type":"TwoDimTable"},"name":"Cluster Configuration","description":"","columns":[{"__meta":{"schema_version":-1,"schema_name":"ColumnSpecsBase","schema_type":"Iced"},"name":"","type":"string","format":"%s","description":""},{"__meta":{"schema_version":-1,"schema_name":"ColumnSpecsBase","schema_type":"Iced"},"name":"h2o_cluster_uptime","type":"long","format":"%d","description":"H2O cluster uptime"},{"__meta":{"schema_version":-1,"schema_name":"ColumnSpecsBase","schema_type":"Iced"},"name":"h2o_cluster_timezone","type":"string","format":"%s","description":"H2O cluster timezone"},{"__meta":{"schema_version":-1,"schema_name":"ColumnSpecsBase","schema_type":"Iced"},"name":"h2o_data_parsing_timezone","type":"string","format":"%s","description":"H2O data parsing timezone"},{"__meta":{"schema_version":-1,"schema_name":"ColumnSpecsBase","schema_type":"Iced"},"name":"h2o_cluster_version","type":"string","format":"%s","description":"H2O cluster version"},{"__meta":{"schema_version":-1,"schema_name":"ColumnSpecsBase","schema_type":"Iced"},"name":"h2o_cluster_version_age","type":"string","format":"%s","description":"H2O cluster version age"},{"__meta":{"schema_version":-1,"schema_name":"ColumnSpecsBase","schema_type":"Iced"},"name":"h2o_cluster_name","type":"string","format":"%s","description":"H2O cluster name"},{"__meta":{"schema_version":-1,"schema_name":"ColumnSpecsBase","schema_type":"Iced"},"name":"h2o_cluster_total_nodes","type":"int","format":"%d","description":"H2O cluster total nodes"},{"__meta":{"schema_version":-1,"schema_name":"ColumnSpecsBase","schema_type":"Iced"},"name":"h2o_cluster_free_memory","type":"long","format":"%d","description":"H2O cluster free memory"},{"__meta":{"schema_version":-1,"schema_name":"ColumnSpecsBase","schema_type":"Iced"},"name":"h2o_cluster_total_cores","type":"int","format":"%d","description":"H2O cluster total cores"},{"__meta":{"schema_version":-1,"schema_name":"ColumnSpecsBase","schema_type":"Iced"},"name":"h2o_cluster_allowed_cores","type":"int","format":"%d","description":"H2O cluster allowed cores"},{"__meta":{"schema_version":-1,"schema_name":"ColumnSpecsBase","schema_type":"Iced"},"name":"h2o_cluster_status","type":"string","format":"%s","description":"H2O cluster status"},{"__meta":{"schema_version":-1,"schema_name":"ColumnSpecsBase","schema_type":"Iced"},"name":"h2o_internal_security","type":"string","format":"%s","description":"H2O internal security"},{"__meta":{"schema_version":-1,"schema_name":"ColumnSpecsBase","schema_type":"Iced"},"name":"h2o_api_extensions","type":"string","format":"%s","description":"H2O API Extensions"}],"rowcount":1,"data":[[""],[3317947],["America/Los_Angeles"],["UTC"],["3.36.0.1"],["2 months and 14 days"],["H2O_started_from_R_Weixi_wfa076"],[1],[36941061472],[12],[12],["locked, healthly"],["false"],["Amazon S3, Algos, Infogram, AutoML, Core V3, TargetEncoder, Core V4"]]},{"__meta":{"schema_version":3,"schema_name":"TwoDimTableV3","schema_type":"TwoDimTable"},"name":"Input Frames Information","description":"","columns":[{"__meta":{"schema_version":-1,"schema_name":"ColumnSpecsBase","schema_type":"Iced"},"name":"","type":"string","format":"%s","description":""},{"__meta":{"schema_version":-1,"schema_name":"ColumnSpecsBase","schema_type":"Iced"},"name":"input_frame","type":"string","format":"%s","description":"Input Frame"},{"__meta":{"schema_version":-1,"schema_name":"ColumnSpecsBase","schema_type":"Iced"},"name":"checksum","type":"long","format":"%d","description":"Checksum"},{"__meta":{"schema_version":-1,"schema_name":"ColumnSpecsBase","schema_type":"Iced"},"name":"espc","type":"string","format":"%d","description":"ESPC"}],"rowcount":3,"data":[["","",""],["training_frame","validation_frame","calibration_frame"],[3917799606149427097,8461095919447145716,-1],["[0, 3128, 6256, 9384, 12512, 15640, 18768, 21895, 25022, 28149, 31276, 34403, 37530]","[0, 548, 1134, 1660, 2220, 2784, 3358, 3883, 4449, 4753]","-1"]]}],"training_metrics":{"__meta":{"schema_version":3,"schema_name":"ModelMetricsRegressionV3","schema_type":"ModelMetricsRegression"},"model":{"__meta":{"schema_version":3,"schema_name":"ModelKeyV3","schema_type":"Key<Model>"},"name":"GBM_grid_1_AutoML_2_20220315_103832_model_11","type":"Key<Model>","URL":"/3/Models/GBM_grid_1_AutoML_2_20220315_103832_model_11"},"model_checksum":-3029532978259074936,"frame":{"__meta":{"schema_version":3,"schema_name":"FrameKeyV3","schema_type":"Key<Frame>"},"name":"AutoML_2_20220315_103832_training_RTMP_sid_8a2c_205","type":"Key<Frame>","URL":"/3/Frames/AutoML_2_20220315_103832_training_RTMP_sid_8a2c_205"},"frame_checksum":-6230941639438154755,"description":null,"model_category":"Regression","scoring_time":1647366852421,"predictions":null,"MSE":2.991741255853292,"RMSE":1.7296650704264371,"nobs":37530,"custom_metric_name":null,"custom_metric_value":0.0,"r2":0.9768054409136689,"mean_residual_deviance":2.991741255853292,"mae":1.3123518596418438,"rmsle":0.03645181743457759},"validation_metrics":{"__meta":{"schema_version":3,"schema_name":"ModelMetricsRegressionV3","schema_type":"ModelMetricsRegression"},"model":{"__meta":{"schema_version":3,"schema_name":"ModelKeyV3","schema_type":"Key<Model>"},"name":"GBM_grid_1_AutoML_2_20220315_103832_model_11","type":"Key<Model>","URL":"/3/Models/GBM_grid_1_AutoML_2_20220315_103832_model_11"},"model_checksum":-3029532978259074936,"frame":null,"frame_checksum":0,"description":null,"model_category":"Regression","scoring_time":1647366852422,"predictions":null,"MSE":42.23414718612777,"RMSE":6.498780438369016,"nobs":4753,"custom_metric_name":null,"custom_metric_value":0.0,"r2":0.6793715814742249,"mean_residual_deviance":42.23414718612777,"mae":4.857263597523257,"rmsle":0.13210767711348942},"cross_validation_metrics":{"__meta":{"schema_version":3,"schema_name":"ModelMetricsRegressionV3","schema_type":"ModelMetricsRegression"},"model":{"__meta":{"schema_version":3,"schema_name":"ModelKeyV3","schema_type":"Key<Model>"},"name":"GBM_grid_1_AutoML_2_20220315_103832_model_11","type":"Key<Model>","URL":"/3/Models/GBM_grid_1_AutoML_2_20220315_103832_model_11"},"model_checksum":-3029532978259074936,"frame":{"__meta":{"schema_version":3,"schema_name":"FrameKeyV3","schema_type":"Key<Frame>"},"name":"AutoML_2_20220315_103832_training_RTMP_sid_8a2c_205","type":"Key<Frame>","URL":"/3/Frames/AutoML_2_20220315_103832_training_RTMP_sid_8a2c_205"},"frame_checksum":-6230941639438154755,"description":"10-fold cross-validation on training data (Metrics computed for combined holdout predictions)","model_category":"Regression","scoring_time":1647366852425,"predictions":null,"MSE":42.39960093976663,"RMSE":6.5114975957736965,"nobs":37530,"custom_metric_name":null,"custom_metric_value":0.0,"r2":0.671281716856243,"mean_residual_deviance":42.39960093976663,"mae":4.9277239338183625,"rmsle":0.1337080329391929},"cross_validation_metrics_summary":{"__meta":{"schema_version":3,"schema_name":"TwoDimTableV3","schema_type":"TwoDimTable"},"name":"Cross-Validation Metrics Summary","description":"","columns":[{"__meta":{"schema_version":-1,"schema_name":"ColumnSpecsBase","schema_type":"Iced"},"name":"","type":"string","format":"%s","description":""},{"__meta":{"schema_version":-1,"schema_name":"ColumnSpecsBase","schema_type":"Iced"},"name":"mean","type":"float","format":"%f","description":"mean"},{"__meta":{"schema_version":-1,"schema_name":"ColumnSpecsBase","schema_type":"Iced"},"name":"sd","type":"float","format":"%f","description":"sd"},{"__meta":{"schema_version":-1,"schema_name":"ColumnSpecsBase","schema_type":"Iced"},"name":"cv_1_valid","type":"float","format":"%f","description":"cv_1_valid"},{"__meta":{"schema_version":-1,"schema_name":"ColumnSpecsBase","schema_type":"Iced"},"name":"cv_2_valid","type":"float","format":"%f","description":"cv_2_valid"},{"__meta":{"schema_version":-1,"schema_name":"ColumnSpecsBase","schema_type":"Iced"},"name":"cv_3_valid","type":"float","format":"%f","description":"cv_3_valid"},{"__meta":{"schema_version":-1,"schema_name":"ColumnSpecsBase","schema_type":"Iced"},"name":"cv_4_valid","type":"float","format":"%f","description":"cv_4_valid"},{"__meta":{"schema_version":-1,"schema_name":"ColumnSpecsBase","schema_type":"Iced"},"name":"cv_5_valid","type":"float","format":"%f","description":"cv_5_valid"},{"__meta":{"schema_version":-1,"schema_name":"ColumnSpecsBase","schema_type":"Iced"},"name":"cv_6_valid","type":"float","format":"%f","description":"cv_6_valid"},{"__meta":{"schema_version":-1,"schema_name":"ColumnSpecsBase","schema_type":"Iced"},"name":"cv_7_valid","type":"float","format":"%f","description":"cv_7_valid"},{"__meta":{"schema_version":-1,"schema_name":"ColumnSpecsBase","schema_type":"Iced"},"name":"cv_8_valid","type":"float","format":"%f","description":"cv_8_valid"},{"__meta":{"schema_version":-1,"schema_name":"ColumnSpecsBase","schema_type":"Iced"},"name":"cv_9_valid","type":"float","format":"%f","description":"cv_9_valid"},{"__meta":{"schema_version":-1,"schema_name":"ColumnSpecsBase","schema_type":"Iced"},"name":"cv_10_valid","type":"float","format":"%f","description":"cv_10_valid"}],"rowcount":7,"data":[["mae","mean_residual_deviance","mse","r2","residual_deviance","rmse","rmsle"],[4.9287066,42.521236,42.521236,0.6702755,42.521236,6.5202518,0.13381532],[0.06408638,1.1939495,1.1939495,0.007888678,1.1939495,0.09160662,0.0022151975],[4.9952006,43.93933,43.93933,0.6606585,43.93933,6.628675,0.13595949],[4.8324633,41.03647,41.03647,0.67509186,41.03647,6.4059715,0.13057214],[4.880947,41.875313,41.875313,0.67336744,41.875313,6.4711137,0.13217396],[4.9951596,43.69067,43.69067,0.6670564,43.69067,6.609892,0.13547719],[5.0027595,43.88125,43.88125,0.65943396,43.88125,6.6242924,0.13617466],[4.946196,42.630993,42.630993,0.6760656,42.630993,6.5292416,0.13476247],[4.852966,40.78826,40.78826,0.6851343,40.78826,6.386569,0.13071786],[4.984725,43.596306,43.596306,0.6632632,43.596306,6.60275,0.13603301],[4.8923264,41.842983,41.842983,0.6705747,41.842983,6.468615,0.13406515],[4.904325,41.93078,41.93078,0.67210925,41.93078,6.475398,0.13221724]]},"status":null,"start_time":1647366838104,"end_time":1647366852424,"run_time":14320,"default_threshold":0.5,"help":{"domains":"Domains for categorical columns", "__meta":"Metadata on this schema instance, to make it self-describing.", "help":"Help information for output fields", "training_metrics":"Training data model metrics", "cross_validation_models":"Cross-validation models (model ids)", "cross_validation_predictions":"Cross-validation predictions, one per cv model (deprecated, use cross_validation_holdout_predictions_frame_id instead)", "cross_validation_metrics_summary":"Cross-validation model metrics summary", "status":"Job status", "reproducibility_information_table":"Model reproducibility information", "variable_importances":"Variable Importances", "model_summary":"Model summary", "end_time":"End time in milliseconds", "names":"Column names", "cross_validation_fold_assignment_frame_id":"Cross-validation fold assignment (each row is assigned to one holdout fold)", "run_time":"Runtime in milliseconds", "default_threshold":"Default threshold used for predictions", "scoring_history":"Scoring history", "cross_validation_holdout_predictions_frame_id":"Cross-validation holdout predictions (full out-of-sample predictions on training data)", "init_f":"The Intercept term, the initial model function value to which trees make adjustments", "model_category":"Category of the model (e.g., Binomial)", "column_types":"Column types", "original_names":"Original column names", "start_time":"Start time in milliseconds", "cv_scoring_history":"Cross-Validation scoring history", "cross_validation_metrics":"Cross-validation model metrics", "validation_metrics":"Validation data model metrics"},"variable_importances":{"__meta":{"schema_version":3,"schema_name":"TwoDimTableV3","schema_type":"TwoDimTable"},"name":"Variable Importances","description":"","columns":[{"__meta":{"schema_version":-1,"schema_name":"ColumnSpecsBase","schema_type":"Iced"},"name":"variable","type":"string","format":"%s","description":"Variable"},{"__meta":{"schema_version":-1,"schema_name":"ColumnSpecsBase","schema_type":"Iced"},"name":"relative_importance","type":"double","format":"%5f","description":"Relative Importance"},{"__meta":{"schema_version":-1,"schema_name":"ColumnSpecsBase","schema_type":"Iced"},"name":"scaled_importance","type":"double","format":"%5f","description":"Scaled Importance"},{"__meta":{"schema_version":-1,"schema_name":"ColumnSpecsBase","schema_type":"Iced"},"name":"percentage","type":"double","format":"%5f","description":"Percentage"}],"rowcount":76,"data":[["X17","Pep_MW","Charge","Pep_length","Pep_predicted_charge","X6","Pep_hmoment160","ST7","KF6","KF5","KF1","Pep_InstabilityIndex","KF7","F5","F1","ST2","Pep_hydrophobicity","F2","Pep_hmoment100","Z5","KF9","VHSE8","X3","ST5","ST8","KF3","KF10","ST3","F6","MSWHIM3","F4","T5","VHSE6","PP3","ST6","T2","VHSE7","X12","T4","Pep_aIndex","Z3","KF8","VHSE4","T3","ST4","MSWHIM1","Z4","VHSE3","X5","VHSE1","KF4","ST1","PP2","X10","Z2","F3","X8","X11","VHSE2","Z1","MSWHIM2","VHSE5","PP1","X16","T1","PeP_pI","KF2","X14","X2","X1","X13","X15","X18","X7","X4","X9"],[3967787.75,3128319.25,2011836.5,1276714.75,335459.71875,267766.03125,251613.09375,215667.34375,198610.9375,198397.078125,197061.6875,190408.953125,189344.28125,186694.25,178046.09375,170498.796875,161241.625,159390.0625,157859.828125,156237.84375,154972.421875,150794.25,147511.375,144542.0625,144167.203125,141373.390625,141293.8125,141084.234375,140976.453125,139591.078125,138909.53125,137106.71875,135526.578125,131319.5,131257.890625,131238.78125,130418.4921875,128905.5234375,125508.796875,125385.0546875,119354.5078125,118722.9921875,117748.65625,114718.3125,114549.828125,113643.6875,112274.8359375,106155.375,105837.5546875,105226.8984375,104975.6328125,103935.0390625,101645.875,101279.6484375,97875.7890625,97864.09375,97761.8984375,96091.4453125,92785.9921875,91109.3671875,89581.1484375,86935.8671875,86362.84375,81313.0546875,76054.328125,75220.6953125,74445.8671875,68292.5546875,68060.8203125,66192.421875,62843.80078125,56932.54296875,54039.671875,48898.33203125,44588.69921875,25410.8359375],[1.0,0.7884290811674591,0.5070423688867934,0.321769920782683,0.08454578215530809,0.06748496848149199,0.06341394993973656,0.05435455657878877,0.050055837160140434,0.050001938265220966,0.04966538028653372,0.04798869423521961,0.047720365397569464,0.04705247905460669,0.04487288760594616,0.04297074531645499,0.04063766389721829,0.04017101532207715,0.03978535094902695,0.03937656285924064,0.03905763907734228,0.03800461604832567,0.037177234341731105,0.036428879669785766,0.036334404007623645,0.035630280532268896,0.035610224488444475,0.03555740459529369,0.035530240528869016,0.03518108500763429,0.0350093150143931,0.03455495288274934,0.034156710656964955,0.03309640239702842,0.03308087501026233,0.03307605888192986,0.03286932174925435,0.032488008824942814,0.031631933153430394,0.03160074645814913,0.03008087007993308,0.029921709443127345,0.029676147936592626,0.028912411582499593,0.028869948531143077,0.028641574262635396,0.028296583136913005,0.026754297782183536,0.026674197652709623,0.02652029419605421,0.026456967818528094,0.02619470738133611,0.025617770254973946,0.025525470317181154,0.02466759696571471,0.024664649400664134,0.024638893155890206,0.024217889505934384,0.02338481744329696,0.02296225829809067,0.022577101922223536,0.021910412719909223,0.021765993846319023,0.020493297477290714,0.019167942671580656,0.018957842518794007,0.018762562888476077,0.017211745937644976,0.017153342013443134,0.016682450283536463,0.015838498614561727,0.014348686612269016,0.013619597438144216,0.012323827561403707,0.011237672483552076,0.00640428307625578],[0.20306423133628398,0.16010174533044275,0.10296216889292525,0.06533996163087251,0.01716822426609255,0.013703783251447521,0.0128771050005102,0.011037466251296299,0.010164550096818117,0.01015360515915142,0.010085262271909203,0.009744787307706834,0.009690299318544046,0.009554675491690309,0.009112078429540921,0.008725821367633158,0.008252055982590892,0.008157296348375682,0.008078981708908453,0.00799597146967657,0.007931209457050519,0.007717378145083855,0.007549366514812527,0.007397402448587029,0.007378217820870092,0.007235235528581347,0.007231162863458493,0.007220437032456565,0.007214920982188071,0.007144019984651722,0.00710913964300756,0.007016874945997004,0.006936006194532448,0.006720695512748923,0.006717542455890606,0.006716564472492756,0.006674583555557337,0.006597152539683424,0.006423314191482061,0.006416981289176851,0.006108348760708235,0.006076028928336284,0.006026164169766032,0.005871076634078554,0.00586245390719465,0.005816079261903151,0.005746023904140495,0.005432840914081147,0.00541657544285959,0.005385323155733862,0.0053724638335582095,0.005319208119469902,0.005202052825375805,0.005183310009455524,0.005009106616756109,0.005008508071724801,0.005003277899677673,0.004917787117109624,0.004748619979062423,0.00466281333104699,0.004584601847637262,0.0044492211172291055,0.004419894809673059,0.004161455699771847,0.0038923235449024834,0.0038496597188732266,0.003810005410847083,0.0034950899587832857,0.003483230210808216,0.0033876089436321046,0.0032162325466867764,0.0029137050176056365,0.0027656530848863777,0.002502528570877355,0.0022819693248814117,0.0013004808201398522]]},"init_f":46.07797628231472},"compatible_frames":null}
