{"__meta":{"schema_version":3,"schema_name":"GBMModelV3","schema_type":"GBMModel"},"model_id":{"__meta":{"schema_version":3,"schema_name":"ModelKeyV3","schema_type":"Key<Model>"},"name":"GBM_grid_1_AutoML_2_20220315_103832_model_14","type":"Key<Model>","URL":"/3/Models/GBM_grid_1_AutoML_2_20220315_103832_model_14"},"algo":"gbm","algo_full_name":"Gradient Boosting Machine","response_column_name":"mu","treatment_column_name":null,"data_frame":{"__meta":{"schema_version":3,"schema_name":"FrameKeyV3","schema_type":"Key<Frame>"},"name":"AutoML_2_20220315_103832_training_RTMP_sid_8a2c_205","type":"Key<Frame>","URL":"/3/Frames/AutoML_2_20220315_103832_training_RTMP_sid_8a2c_205"},"timestamp":1647367051103,"have_pojo":true,"have_mojo":true,"algo":"gbm","algo_full_name":"Gradient Boosting Machine","model_id":{"__meta":{"schema_version":3,"schema_name":"ModelKeyV3","schema_type":"Key<Model>"},"name":"GBM_grid_1_AutoML_2_20220315_103832_model_14","type":"Key<Model>","URL":"/3/Models/GBM_grid_1_AutoML_2_20220315_103832_model_14"},"parameters":[{"__meta":{"schema_version":3,"schema_name":"ModelParameterSchemaV3","schema_type":"Iced"},"name":"model_id","label":"model_id","help":"Destination id for this model; auto-generated if not specified.","required":false,"type":"Key<Model>","default_value":null,"actual_value":{"__meta":{"schema_version":3,"schema_name":"ModelKeyV3","schema_type":"Key<Model>"},"name":"GBM_grid_1_AutoML_2_20220315_103832_model_14","type":"Key<Model>","URL":"/3/Models/GBM_grid_1_AutoML_2_20220315_103832_model_14"},"input_value":null,"level":"critical","values":[],"is_member_of_frames":[],"is_mutually_exclusive_with":[],"gridable":false},{"__meta":{"schema_version":3,"schema_name":"ModelParameterSchemaV3","schema_type":"Iced"},"name":"training_frame","label":"training_frame","help":"Id of the training data frame.","required":false,"type":"Key<Frame>","default_value":null,"actual_value":{"__meta":{"schema_version":3,"schema_name":"FrameKeyV3","schema_type":"Key<Frame>"},"name":"AutoML_2_20220315_103832_training_RTMP_sid_8a2c_205","type":"Key<Frame>","URL":"/3/Frames/AutoML_2_20220315_103832_training_RTMP_sid_8a2c_205"},"input_value":{"__meta":{"schema_version":3,"schema_name":"FrameKeyV3","schema_type":"Key<Frame>"},"name":"AutoML_2_20220315_103832_training_RTMP_sid_8a2c_205","type":"Key<Frame>","URL":"/3/Frames/AutoML_2_20220315_103832_training_RTMP_sid_8a2c_205"},"level":"critical","values":[],"is_member_of_frames":[],"is_mutually_exclusive_with":[],"gridable":false},{"__meta":{"schema_version":3,"schema_name":"ModelParameterSchemaV3","schema_type":"Iced"},"name":"validation_frame","label":"validation_frame","help":"Id of the validation data frame.","required":false,"type":"Key<Frame>","default_value":null,"actual_value":null,"input_value":null,"level":"critical","values":[],"is_member_of_frames":[],"is_mutually_exclusive_with":[],"gridable":true},{"__meta":{"schema_version":3,"schema_name":"ModelParameterSchemaV3","schema_type":"Iced"},"name":"nfolds","label":"nfolds","help":"Number of folds for K-fold cross-validation (0 to disable or >= 2).","required":false,"type":"int","default_value":0,"actual_value":10,"input_value":10,"level":"critical","values":[],"is_member_of_frames":[],"is_mutually_exclusive_with":[],"gridable":false},{"__meta":{"schema_version":3,"schema_name":"ModelParameterSchemaV3","schema_type":"Iced"},"name":"keep_cross_validation_models","label":"keep_cross_validation_models","help":"Whether to keep the cross-validation models.","required":false,"type":"boolean","default_value":true,"actual_value":false,"input_value":false,"level":"expert","values":[],"is_member_of_frames":[],"is_mutually_exclusive_with":[],"gridable":false},{"__meta":{"schema_version":3,"schema_name":"ModelParameterSchemaV3","schema_type":"Iced"},"name":"keep_cross_validation_predictions","label":"keep_cross_validation_predictions","help":"Whether to keep the predictions of the cross-validation models.","required":false,"type":"boolean","default_value":false,"actual_value":true,"input_value":true,"level":"expert","values":[],"is_member_of_frames":[],"is_mutually_exclusive_with":[],"gridable":false},{"__meta":{"schema_version":3,"schema_name":"ModelParameterSchemaV3","schema_type":"Iced"},"name":"keep_cross_validation_fold_assignment","label":"keep_cross_validation_fold_assignment","help":"Whether to keep the cross-validation fold assignment.","required":false,"type":"boolean","default_value":false,"actual_value":false,"input_value":false,"level":"expert","values":[],"is_member_of_frames":[],"is_mutually_exclusive_with":[],"gridable":false},{"__meta":{"schema_version":3,"schema_name":"ModelParameterSchemaV3","schema_type":"Iced"},"name":"score_each_iteration","label":"score_each_iteration","help":"Whether to score during each iteration of model training.","required":false,"type":"boolean","default_value":false,"actual_value":false,"input_value":false,"level":"secondary","values":[],"is_member_of_frames":[],"is_mutually_exclusive_with":[],"gridable":false},{"__meta":{"schema_version":3,"schema_name":"ModelParameterSchemaV3","schema_type":"Iced"},"name":"score_tree_interval","label":"score_tree_interval","help":"Score the model after every so many trees. Disabled if set to 0.","required":false,"type":"int","default_value":0,"actual_value":5,"input_value":5,"level":"secondary","values":[],"is_member_of_frames":[],"is_mutually_exclusive_with":[],"gridable":false},{"__meta":{"schema_version":3,"schema_name":"ModelParameterSchemaV3","schema_type":"Iced"},"name":"fold_assignment","label":"fold_assignment","help":"Cross-validation fold assignment scheme, if fold_column is not specified. The 'Stratified' option will stratify the folds based on the response variable, for classification problems.","required":false,"type":"enum","default_value":"AUTO","actual_value":"Modulo","input_value":"Modulo","level":"secondary","values":["AUTO","Random","Modulo","Stratified"],"is_member_of_frames":[],"is_mutually_exclusive_with":[],"gridable":true},{"__meta":{"schema_version":3,"schema_name":"ModelParameterSchemaV3","schema_type":"Iced"},"name":"fold_column","label":"fold_column","help":"Column with cross-validation fold index assignment per observation.","required":false,"type":"VecSpecifier","default_value":null,"actual_value":null,"input_value":null,"level":"secondary","values":[],"is_member_of_frames":["training_frame"],"is_mutually_exclusive_with":["response_column","weights_column","ignored_columns","offset_column"],"gridable":true},{"__meta":{"schema_version":3,"schema_name":"ModelParameterSchemaV3","schema_type":"Iced"},"name":"response_column","label":"response_column","help":"Response variable column.","required":false,"type":"VecSpecifier","default_value":null,"actual_value":{"__meta":{"schema_version":3,"schema_name":"ColSpecifierV3","schema_type":"VecSpecifier"},"column_name":"mu","is_member_of_frames":null},"input_value":{"__meta":{"schema_version":3,"schema_name":"ColSpecifierV3","schema_type":"VecSpecifier"},"column_name":"mu","is_member_of_frames":null},"level":"critical","values":[],"is_member_of_frames":["training_frame","validation_frame"],"is_mutually_exclusive_with":["weights_column","ignored_columns","offset_column","fold_column"],"gridable":true},{"__meta":{"schema_version":3,"schema_name":"ModelParameterSchemaV3","schema_type":"Iced"},"name":"ignored_columns","label":"ignored_columns","help":"Names of columns to ignore for training.","required":false,"type":"string[]","default_value":null,"actual_value":["max_cv","sigma","CV_span","maximum_intensity_percentage"],"input_value":["max_cv","sigma","CV_span","maximum_intensity_percentage"],"level":"critical","values":[],"is_member_of_frames":["training_frame","validation_frame"],"is_mutually_exclusive_with":["response_column","weights_column","offset_column","fold_column"],"gridable":false},{"__meta":{"schema_version":3,"schema_name":"ModelParameterSchemaV3","schema_type":"Iced"},"name":"ignore_const_cols","label":"ignore_const_cols","help":"Ignore constant columns.","required":false,"type":"boolean","default_value":true,"actual_value":true,"input_value":true,"level":"critical","values":[],"is_member_of_frames":[],"is_mutually_exclusive_with":[],"gridable":false},{"__meta":{"schema_version":3,"schema_name":"ModelParameterSchemaV3","schema_type":"Iced"},"name":"offset_column","label":"offset_column","help":"Offset column. This will be added to the combination of columns before applying the link function.","required":false,"type":"VecSpecifier","default_value":null,"actual_value":null,"input_value":null,"level":"secondary","values":[],"is_member_of_frames":["training_frame","validation_frame"],"is_mutually_exclusive_with":["response_column","weights_column","ignored_columns","fold_column"],"gridable":true},{"__meta":{"schema_version":3,"schema_name":"ModelParameterSchemaV3","schema_type":"Iced"},"name":"weights_column","label":"weights_column","help":"Column with observation weights. Giving some observation a weight of zero is equivalent to excluding it from the dataset; giving an observation a relative weight of 2 is equivalent to repeating that row twice. Negative weights are not allowed. Note: Weights are per-row observation weights and do not increase the size of the data frame. This is typically the number of times a row is repeated, but non-integer values are supported as well. During training, rows with higher weights matter more, due to the larger loss function pre-factor. If you set weight = 0 for a row, the returned prediction frame at that row is zero and this is incorrect. To get an accurate prediction, remove all rows with weight == 0.","required":false,"type":"VecSpecifier","default_value":null,"actual_value":null,"input_value":null,"level":"secondary","values":[],"is_member_of_frames":["training_frame","validation_frame"],"is_mutually_exclusive_with":["response_column","ignored_columns","offset_column","fold_column"],"gridable":true},{"__meta":{"schema_version":3,"schema_name":"ModelParameterSchemaV3","schema_type":"Iced"},"name":"balance_classes","label":"balance_classes","help":"Balance training data class counts via over/under-sampling (for imbalanced data).","required":false,"type":"boolean","default_value":false,"actual_value":false,"input_value":false,"level":"secondary","values":[],"is_member_of_frames":[],"is_mutually_exclusive_with":[],"gridable":true},{"__meta":{"schema_version":3,"schema_name":"ModelParameterSchemaV3","schema_type":"Iced"},"name":"class_sampling_factors","label":"class_sampling_factors","help":"Desired over/under-sampling ratios per class (in lexicographic order). If not specified, sampling factors will be automatically computed to obtain class balance during training. Requires balance_classes.","required":false,"type":"float[]","default_value":null,"actual_value":null,"input_value":null,"level":"expert","values":[],"is_member_of_frames":[],"is_mutually_exclusive_with":[],"gridable":true},{"__meta":{"schema_version":3,"schema_name":"ModelParameterSchemaV3","schema_type":"Iced"},"name":"max_after_balance_size","label":"max_after_balance_size","help":"Maximum relative size of the training data after balancing class counts (can be less than 1.0). Requires balance_classes.","required":false,"type":"float","default_value":5.0,"actual_value":5.0,"input_value":5.0,"level":"expert","values":[],"is_member_of_frames":[],"is_mutually_exclusive_with":[],"gridable":true},{"__meta":{"schema_version":3,"schema_name":"ModelParameterSchemaV3","schema_type":"Iced"},"name":"max_confusion_matrix_size","label":"max_confusion_matrix_size","help":"[Deprecated] Maximum size (# classes) for confusion matrices to be printed in the Logs","required":false,"type":"int","default_value":20,"actual_value":20,"input_value":20,"level":"secondary","values":[],"is_member_of_frames":[],"is_mutually_exclusive_with":[],"gridable":false},{"__meta":{"schema_version":3,"schema_name":"ModelParameterSchemaV3","schema_type":"Iced"},"name":"ntrees","label":"ntrees","help":"Number of trees.","required":false,"type":"int","default_value":50,"actual_value":44,"input_value":10000,"level":"critical","values":[],"is_member_of_frames":[],"is_mutually_exclusive_with":[],"gridable":true},{"__meta":{"schema_version":3,"schema_name":"ModelParameterSchemaV3","schema_type":"Iced"},"name":"max_depth","label":"max_depth","help":"Maximum tree depth (0 for unlimited).","required":false,"type":"int","default_value":5,"actual_value":17,"input_value":17,"level":"critical","values":[],"is_member_of_frames":[],"is_mutually_exclusive_with":[],"gridable":true},{"__meta":{"schema_version":3,"schema_name":"ModelParameterSchemaV3","schema_type":"Iced"},"name":"min_rows","label":"min_rows","help":"Fewest allowed (weighted) observations in a leaf.","required":false,"type":"double","default_value":10.0,"actual_value":5.0,"input_value":5.0,"level":"critical","values":[],"is_member_of_frames":[],"is_mutually_exclusive_with":[],"gridable":true},{"__meta":{"schema_version":3,"schema_name":"ModelParameterSchemaV3","schema_type":"Iced"},"name":"nbins","label":"nbins","help":"For numerical columns (real/int), build a histogram of (at least) this many bins, then split at the best point","required":false,"type":"int","default_value":20,"actual_value":20,"input_value":20,"level":"critical","values":[],"is_member_of_frames":[],"is_mutually_exclusive_with":[],"gridable":true},{"__meta":{"schema_version":3,"schema_name":"ModelParameterSchemaV3","schema_type":"Iced"},"name":"nbins_top_level","label":"nbins_top_level","help":"For numerical columns (real/int), build a histogram of (at most) this many bins at the root level, then decrease by factor of two per level","required":false,"type":"int","default_value":1024,"actual_value":1024,"input_value":1024,"level":"secondary","values":[],"is_member_of_frames":[],"is_mutually_exclusive_with":[],"gridable":true},{"__meta":{"schema_version":3,"schema_name":"ModelParameterSchemaV3","schema_type":"Iced"},"name":"nbins_cats","label":"nbins_cats","help":"For categorical columns (factors), build a histogram of this many bins, then split at the best point. Higher values can lead to more overfitting.","required":false,"type":"int","default_value":1024,"actual_value":1024,"input_value":1024,"level":"secondary","values":[],"is_member_of_frames":[],"is_mutually_exclusive_with":[],"gridable":true},{"__meta":{"schema_version":3,"schema_name":"ModelParameterSchemaV3","schema_type":"Iced"},"name":"r2_stopping","label":"r2_stopping","help":"r2_stopping is no longer supported and will be ignored if set - please use stopping_rounds, stopping_metric and stopping_tolerance instead. Previous version of H2O would stop making trees when the R^2 metric equals or exceeds this","required":false,"type":"double","default_value":1.7976931348623157E308,"actual_value":1.7976931348623157E308,"input_value":1.7976931348623157E308,"level":"secondary","values":[],"is_member_of_frames":[],"is_mutually_exclusive_with":[],"gridable":true},{"__meta":{"schema_version":3,"schema_name":"ModelParameterSchemaV3","schema_type":"Iced"},"name":"stopping_rounds","label":"stopping_rounds","help":"Early stopping based on convergence of stopping_metric. Stop if simple moving average of length k of the stopping_metric does not improve for k:=stopping_rounds scoring events (0 to disable)","required":false,"type":"int","default_value":0,"actual_value":0,"input_value":3,"level":"secondary","values":[],"is_member_of_frames":[],"is_mutually_exclusive_with":[],"gridable":true},{"__meta":{"schema_version":3,"schema_name":"ModelParameterSchemaV3","schema_type":"Iced"},"name":"stopping_metric","label":"stopping_metric","help":"Metric to use for early stopping (AUTO: logloss for classification, deviance for regression and anonomaly_score for Isolation Forest). Note that custom and custom_increasing can only be used in GBM and DRF with the Python client.","required":false,"type":"enum","default_value":"AUTO","actual_value":"deviance","input_value":"deviance","level":"secondary","values":["AUTO","deviance","logloss","MSE","RMSE","MAE","RMSLE","AUC","AUCPR","lift_top_group","misclassification","mean_per_class_error","anomaly_score","custom","custom_increasing"],"is_member_of_frames":[],"is_mutually_exclusive_with":[],"gridable":true},{"__meta":{"schema_version":3,"schema_name":"ModelParameterSchemaV3","schema_type":"Iced"},"name":"stopping_tolerance","label":"stopping_tolerance","help":"Relative tolerance for metric-based stopping criterion (stop if relative improvement is not at least this much)","required":false,"type":"double","default_value":0.001,"actual_value":0.005161913442354258,"input_value":0.005161913442354258,"level":"secondary","values":[],"is_member_of_frames":[],"is_mutually_exclusive_with":[],"gridable":true},{"__meta":{"schema_version":3,"schema_name":"ModelParameterSchemaV3","schema_type":"Iced"},"name":"max_runtime_secs","label":"max_runtime_secs","help":"Maximum allowed runtime in seconds for model training. Use 0 to disable.","required":false,"type":"double","default_value":0.0,"actual_value":0.0,"input_value":143.467,"level":"secondary","values":[],"is_member_of_frames":[],"is_mutually_exclusive_with":[],"gridable":true},{"__meta":{"schema_version":3,"schema_name":"ModelParameterSchemaV3","schema_type":"Iced"},"name":"seed","label":"seed","help":"Seed for pseudo random number generator (if applicable)","required":false,"type":"long","default_value":-1,"actual_value":-1860740625380924042,"input_value":-1,"level":"critical","values":[],"is_member_of_frames":[],"is_mutually_exclusive_with":[],"gridable":true},{"__meta":{"schema_version":3,"schema_name":"ModelParameterSchemaV3","schema_type":"Iced"},"name":"build_tree_one_node","label":"build_tree_one_node","help":"Run on one node only; no network overhead but fewer cpus used. Suitable for small datasets.","required":false,"type":"boolean","default_value":false,"actual_value":false,"input_value":false,"level":"expert","values":[],"is_member_of_frames":[],"is_mutually_exclusive_with":[],"gridable":false},{"__meta":{"schema_version":3,"schema_name":"ModelParameterSchemaV3","schema_type":"Iced"},"name":"learn_rate","label":"learn_rate","help":"Learning rate (from 0.0 to 1.0)","required":false,"type":"double","default_value":0.1,"actual_value":0.1,"input_value":0.1,"level":"critical","values":[],"is_member_of_frames":[],"is_mutually_exclusive_with":[],"gridable":true},{"__meta":{"schema_version":3,"schema_name":"ModelParameterSchemaV3","schema_type":"Iced"},"name":"learn_rate_annealing","label":"learn_rate_annealing","help":"Scale the learning rate by this factor after each tree (e.g., 0.99 or 0.999) ","required":false,"type":"double","default_value":1.0,"actual_value":1.0,"input_value":1.0,"level":"secondary","values":[],"is_member_of_frames":[],"is_mutually_exclusive_with":[],"gridable":true},{"__meta":{"schema_version":3,"schema_name":"ModelParameterSchemaV3","schema_type":"Iced"},"name":"distribution","label":"distribution","help":"Distribution function","required":false,"type":"enum","default_value":"AUTO","actual_value":"gaussian","input_value":"AUTO","level":"secondary","values":["AUTO","bernoulli","quasibinomial","ordinal","multinomial","gaussian","poisson","gamma","tweedie","laplace","quantile","huber","custom"],"is_member_of_frames":[],"is_mutually_exclusive_with":[],"gridable":true},{"__meta":{"schema_version":3,"schema_name":"ModelParameterSchemaV3","schema_type":"Iced"},"name":"quantile_alpha","label":"quantile_alpha","help":"Desired quantile for Quantile regression, must be between 0 and 1.","required":false,"type":"double","default_value":0.5,"actual_value":0.5,"input_value":0.5,"level":"secondary","values":[],"is_member_of_frames":[],"is_mutually_exclusive_with":[],"gridable":true},{"__meta":{"schema_version":3,"schema_name":"ModelParameterSchemaV3","schema_type":"Iced"},"name":"tweedie_power","label":"tweedie_power","help":"Tweedie power for Tweedie regression, must be between 1 and 2.","required":false,"type":"double","default_value":1.5,"actual_value":1.5,"input_value":1.5,"level":"secondary","values":[],"is_member_of_frames":[],"is_mutually_exclusive_with":[],"gridable":true},{"__meta":{"schema_version":3,"schema_name":"ModelParameterSchemaV3","schema_type":"Iced"},"name":"huber_alpha","label":"huber_alpha","help":"Desired quantile for Huber/M-regression (threshold between quadratic and linear loss, must be between 0 and 1).","required":false,"type":"double","default_value":0.9,"actual_value":0.9,"input_value":0.9,"level":"secondary","values":[],"is_member_of_frames":[],"is_mutually_exclusive_with":[],"gridable":true},{"__meta":{"schema_version":3,"schema_name":"ModelParameterSchemaV3","schema_type":"Iced"},"name":"checkpoint","label":"checkpoint","help":"Model checkpoint to resume training with.","required":false,"type":"Key<Model>","default_value":null,"actual_value":null,"input_value":null,"level":"secondary","values":[],"is_member_of_frames":[],"is_mutually_exclusive_with":[],"gridable":false},{"__meta":{"schema_version":3,"schema_name":"ModelParameterSchemaV3","schema_type":"Iced"},"name":"sample_rate","label":"sample_rate","help":"Row sample rate per tree (from 0.0 to 1.0)","required":false,"type":"double","default_value":1.0,"actual_value":1.0,"input_value":1.0,"level":"critical","values":[],"is_member_of_frames":[],"is_mutually_exclusive_with":[],"gridable":true},{"__meta":{"schema_version":3,"schema_name":"ModelParameterSchemaV3","schema_type":"Iced"},"name":"sample_rate_per_class","label":"sample_rate_per_class","help":"A list of row sample rates per class (relative fraction for each class, from 0.0 to 1.0), for each tree","required":false,"type":"double[]","default_value":null,"actual_value":null,"input_value":null,"level":"expert","values":[],"is_member_of_frames":[],"is_mutually_exclusive_with":[],"gridable":true},{"__meta":{"schema_version":3,"schema_name":"ModelParameterSchemaV3","schema_type":"Iced"},"name":"col_sample_rate","label":"col_sample_rate","help":"Column sample rate (from 0.0 to 1.0)","required":false,"type":"double","default_value":1.0,"actual_value":0.7,"input_value":0.7,"level":"critical","values":[],"is_member_of_frames":[],"is_mutually_exclusive_with":[],"gridable":true},{"__meta":{"schema_version":3,"schema_name":"ModelParameterSchemaV3","schema_type":"Iced"},"name":"col_sample_rate_change_per_level","label":"col_sample_rate_change_per_level","help":"Relative change of the column sampling rate for every level (must be > 0.0 and <= 2.0)","required":false,"type":"double","default_value":1.0,"actual_value":1.0,"input_value":1.0,"level":"expert","values":[],"is_member_of_frames":[],"is_mutually_exclusive_with":[],"gridable":true},{"__meta":{"schema_version":3,"schema_name":"ModelParameterSchemaV3","schema_type":"Iced"},"name":"col_sample_rate_per_tree","label":"col_sample_rate_per_tree","help":"Column sample rate per tree (from 0.0 to 1.0)","required":false,"type":"double","default_value":1.0,"actual_value":1.0,"input_value":1.0,"level":"secondary","values":[],"is_member_of_frames":[],"is_mutually_exclusive_with":[],"gridable":true},{"__meta":{"schema_version":3,"schema_name":"ModelParameterSchemaV3","schema_type":"Iced"},"name":"min_split_improvement","label":"min_split_improvement","help":"Minimum relative improvement in squared error reduction for a split to happen","required":false,"type":"double","default_value":1.0E-5,"actual_value":1.0E-5,"input_value":1.0E-5,"level":"secondary","values":[],"is_member_of_frames":[],"is_mutually_exclusive_with":[],"gridable":true},{"__meta":{"schema_version":3,"schema_name":"ModelParameterSchemaV3","schema_type":"Iced"},"name":"histogram_type","label":"histogram_type","help":"What type of histogram to use for finding optimal split points","required":false,"type":"enum","default_value":"AUTO","actual_value":"UniformAdaptive","input_value":"AUTO","level":"secondary","values":["AUTO","UniformAdaptive","Random","QuantilesGlobal","RoundRobin"],"is_member_of_frames":[],"is_mutually_exclusive_with":[],"gridable":true},{"__meta":{"schema_version":3,"schema_name":"ModelParameterSchemaV3","schema_type":"Iced"},"name":"max_abs_leafnode_pred","label":"max_abs_leafnode_pred","help":"Maximum absolute value of a leaf node prediction","required":false,"type":"double","default_value":1.7976931348623157E308,"actual_value":1.7976931348623157E308,"input_value":1.7976931348623157E308,"level":"expert","values":[],"is_member_of_frames":[],"is_mutually_exclusive_with":[],"gridable":true},{"__meta":{"schema_version":3,"schema_name":"ModelParameterSchemaV3","schema_type":"Iced"},"name":"pred_noise_bandwidth","label":"pred_noise_bandwidth","help":"Bandwidth (sigma) of Gaussian multiplicative noise ~N(1,sigma) for tree node predictions","required":false,"type":"double","default_value":0.0,"actual_value":0.0,"input_value":0.0,"level":"expert","values":[],"is_member_of_frames":[],"is_mutually_exclusive_with":[],"gridable":true},{"__meta":{"schema_version":3,"schema_name":"ModelParameterSchemaV3","schema_type":"Iced"},"name":"categorical_encoding","label":"categorical_encoding","help":"Encoding scheme for categorical features","required":false,"type":"enum","default_value":"AUTO","actual_value":"Enum","input_value":"AUTO","level":"secondary","values":["AUTO","Enum","OneHotInternal","OneHotExplicit","Binary","Eigen","LabelEncoder","SortByResponse","EnumLimited"],"is_member_of_frames":[],"is_mutually_exclusive_with":[],"gridable":true},{"__meta":{"schema_version":3,"schema_name":"ModelParameterSchemaV3","schema_type":"Iced"},"name":"calibrate_model","label":"calibrate_model","help":"Use Platt Scaling to calculate calibrated class probabilities. Calibration can provide more accurate estimates of class probabilities.","required":false,"type":"boolean","default_value":false,"actual_value":false,"input_value":false,"level":"expert","values":[],"is_member_of_frames":[],"is_mutually_exclusive_with":[],"gridable":false},{"__meta":{"schema_version":3,"schema_name":"ModelParameterSchemaV3","schema_type":"Iced"},"name":"calibration_frame","label":"calibration_frame","help":"Calibration frame for Platt Scaling","required":false,"type":"Key<Frame>","default_value":null,"actual_value":null,"input_value":null,"level":"expert","values":[],"is_member_of_frames":[],"is_mutually_exclusive_with":[],"gridable":false},{"__meta":{"schema_version":3,"schema_name":"ModelParameterSchemaV3","schema_type":"Iced"},"name":"custom_metric_func","label":"custom_metric_func","help":"Reference to custom evaluation function, format: `language:keyName=funcName`","required":false,"type":"string","default_value":null,"actual_value":null,"input_value":null,"level":"secondary","values":[],"is_member_of_frames":[],"is_mutually_exclusive_with":[],"gridable":false},{"__meta":{"schema_version":3,"schema_name":"ModelParameterSchemaV3","schema_type":"Iced"},"name":"custom_distribution_func","label":"custom_distribution_func","help":"Reference to custom distribution, format: `language:keyName=funcName`","required":false,"type":"string","default_value":null,"actual_value":null,"input_value":null,"level":"secondary","values":[],"is_member_of_frames":[],"is_mutually_exclusive_with":[],"gridable":false},{"__meta":{"schema_version":3,"schema_name":"ModelParameterSchemaV3","schema_type":"Iced"},"name":"export_checkpoints_dir","label":"export_checkpoints_dir","help":"Automatically export generated models to this directory.","required":false,"type":"string","default_value":null,"actual_value":null,"input_value":null,"level":"secondary","values":[],"is_member_of_frames":[],"is_mutually_exclusive_with":[],"gridable":false},{"__meta":{"schema_version":3,"schema_name":"ModelParameterSchemaV3","schema_type":"Iced"},"name":"monotone_constraints","label":"monotone_constraints","help":"A mapping representing monotonic constraints. Use +1 to enforce an increasing constraint and -1 to specify a decreasing constraint.","required":false,"type":"KeyValue[]","default_value":null,"actual_value":null,"input_value":null,"level":"secondary","values":[],"is_member_of_frames":[],"is_mutually_exclusive_with":[],"gridable":false},{"__meta":{"schema_version":3,"schema_name":"ModelParameterSchemaV3","schema_type":"Iced"},"name":"check_constant_response","label":"check_constant_response","help":"Check if response column is constant. If enabled, then an exception is thrown if the response column is a constant value.If disabled, then model will train regardless of the response column being a constant value or not.","required":false,"type":"boolean","default_value":true,"actual_value":true,"input_value":true,"level":"expert","values":[],"is_member_of_frames":[],"is_mutually_exclusive_with":[],"gridable":false},{"__meta":{"schema_version":3,"schema_name":"ModelParameterSchemaV3","schema_type":"Iced"},"name":"gainslift_bins","label":"gainslift_bins","help":"Gains/Lift table number of bins. 0 means disabled.. Default value -1 means automatic binning.","required":false,"type":"int","default_value":-1,"actual_value":-1,"input_value":-1,"level":"secondary","values":[],"is_member_of_frames":[],"is_mutually_exclusive_with":[],"gridable":false},{"__meta":{"schema_version":3,"schema_name":"ModelParameterSchemaV3","schema_type":"Iced"},"name":"auc_type","label":"auc_type","help":"Set default multinomial AUC type.","required":false,"type":"enum","default_value":"AUTO","actual_value":"AUTO","input_value":"AUTO","level":"secondary","values":["AUTO","NONE","MACRO_OVR","WEIGHTED_OVR","MACRO_OVO","WEIGHTED_OVO"],"is_member_of_frames":[],"is_mutually_exclusive_with":[],"gridable":true}],"output":{"__meta":{"schema_version":3,"schema_name":"GBMModelOutputV3","schema_type":"GBMOutput"},"names":["Charge","Pep_aIndex","Pep_predicted_charge","PeP_pI","Pep_InstabilityIndex","Pep_hydrophobicity","Pep_MW","Pep_length","X1","X2","X3","X4","X5","X6","X7","X8","X9","X10","X11","X12","X13","X14","X15","X16","X17","X18","PP1","PP2","PP3","F1","F2","F3","F4","F5","F6","Pep_hmoment100","Pep_hmoment160","KF1","KF2","KF3","KF4","KF5","KF6","KF7","KF8","KF9","KF10","MSWHIM1","MSWHIM2","MSWHIM3","ST1","ST2","ST3","ST4","ST5","ST6","ST7","ST8","T1","T2","T3","T4","T5","VHSE1","VHSE2","VHSE3","VHSE4","VHSE5","VHSE6","VHSE7","VHSE8","Z1","Z2","Z3","Z4","Z5","mu"],"original_names":null,"column_types":["Numeric","Numeric","Numeric","Numeric","Numeric","Numeric","Numeric","Numeric","Numeric","Numeric","Numeric","Numeric","Numeric","Numeric","Numeric","Numeric","Numeric","Numeric","Numeric","Numeric","Numeric","Numeric","Numeric","Numeric","Numeric","Numeric","Numeric","Numeric","Numeric","Numeric","Numeric","Numeric","Numeric","Numeric","Numeric","Numeric","Numeric","Numeric","Numeric","Numeric","Numeric","Numeric","Numeric","Numeric","Numeric","Numeric","Numeric","Numeric","Numeric","Numeric","Numeric","Numeric","Numeric","Numeric","Numeric","Numeric","Numeric","Numeric","Numeric","Numeric","Numeric","Numeric","Numeric","Numeric","Numeric","Numeric","Numeric","Numeric","Numeric","Numeric","Numeric","Numeric","Numeric","Numeric","Numeric","Numeric","Numeric"],"domains":[null,null,null,null,null,null,null,null,null,null,null,null,null,null,null,null,null,null,null,null,null,null,null,null,null,null,null,null,null,null,null,null,null,null,null,null,null,null,null,null,null,null,null,null,null,null,null,null,null,null,null,null,null,null,null,null,null,null,null,null,null,null,null,null,null,null,null,null,null,null,null,null,null,null,null,null,null],"cross_validation_models":null,"cross_validation_predictions":[{"__meta":{"schema_version":3,"schema_name":"FrameKeyV3","schema_type":"Key<Frame>"},"name":"prediction_GBM_grid_1_AutoML_2_20220315_103832_model_14_cv_1","type":"Key<Frame>","URL":"/3/Frames/prediction_GBM_grid_1_AutoML_2_20220315_103832_model_14_cv_1"},{"__meta":{"schema_version":3,"schema_name":"FrameKeyV3","schema_type":"Key<Frame>"},"name":"prediction_GBM_grid_1_AutoML_2_20220315_103832_model_14_cv_2","type":"Key<Frame>","URL":"/3/Frames/prediction_GBM_grid_1_AutoML_2_20220315_103832_model_14_cv_2"},{"__meta":{"schema_version":3,"schema_name":"FrameKeyV3","schema_type":"Key<Frame>"},"name":"prediction_GBM_grid_1_AutoML_2_20220315_103832_model_14_cv_3","type":"Key<Frame>","URL":"/3/Frames/prediction_GBM_grid_1_AutoML_2_20220315_103832_model_14_cv_3"},{"__meta":{"schema_version":3,"schema_name":"FrameKeyV3","schema_type":"Key<Frame>"},"name":"prediction_GBM_grid_1_AutoML_2_20220315_103832_model_14_cv_4","type":"Key<Frame>","URL":"/3/Frames/prediction_GBM_grid_1_AutoML_2_20220315_103832_model_14_cv_4"},{"__meta":{"schema_version":3,"schema_name":"FrameKeyV3","schema_type":"Key<Frame>"},"name":"prediction_GBM_grid_1_AutoML_2_20220315_103832_model_14_cv_5","type":"Key<Frame>","URL":"/3/Frames/prediction_GBM_grid_1_AutoML_2_20220315_103832_model_14_cv_5"},{"__meta":{"schema_version":3,"schema_name":"FrameKeyV3","schema_type":"Key<Frame>"},"name":"prediction_GBM_grid_1_AutoML_2_20220315_103832_model_14_cv_6","type":"Key<Frame>","URL":"/3/Frames/prediction_GBM_grid_1_AutoML_2_20220315_103832_model_14_cv_6"},{"__meta":{"schema_version":3,"schema_name":"FrameKeyV3","schema_type":"Key<Frame>"},"name":"prediction_GBM_grid_1_AutoML_2_20220315_103832_model_14_cv_7","type":"Key<Frame>","URL":"/3/Frames/prediction_GBM_grid_1_AutoML_2_20220315_103832_model_14_cv_7"},{"__meta":{"schema_version":3,"schema_name":"FrameKeyV3","schema_type":"Key<Frame>"},"name":"prediction_GBM_grid_1_AutoML_2_20220315_103832_model_14_cv_8","type":"Key<Frame>","URL":"/3/Frames/prediction_GBM_grid_1_AutoML_2_20220315_103832_model_14_cv_8"},{"__meta":{"schema_version":3,"schema_name":"FrameKeyV3","schema_type":"Key<Frame>"},"name":"prediction_GBM_grid_1_AutoML_2_20220315_103832_model_14_cv_9","type":"Key<Frame>","URL":"/3/Frames/prediction_GBM_grid_1_AutoML_2_20220315_103832_model_14_cv_9"},{"__meta":{"schema_version":3,"schema_name":"FrameKeyV3","schema_type":"Key<Frame>"},"name":"prediction_GBM_grid_1_AutoML_2_20220315_103832_model_14_cv_10","type":"Key<Frame>","URL":"/3/Frames/prediction_GBM_grid_1_AutoML_2_20220315_103832_model_14_cv_10"}],"cross_validation_holdout_predictions_frame_id":{"__meta":{"schema_version":3,"schema_name":"FrameKeyV3","schema_type":"Key<Frame>"},"name":"cv_holdout_prediction_GBM_grid_1_AutoML_2_20220315_103832_model_14","type":"Key<Frame>","URL":"/3/Frames/cv_holdout_prediction_GBM_grid_1_AutoML_2_20220315_103832_model_14"},"cross_validation_fold_assignment_frame_id":null,"model_category":"Regression","model_summary":{"__meta":{"schema_version":3,"schema_name":"TwoDimTableV3","schema_type":"TwoDimTable"},"name":"Model Summary","description":"","columns":[{"__meta":{"schema_version":-1,"schema_name":"ColumnSpecsBase","schema_type":"Iced"},"name":"","type":"string","format":"%s","description":""},{"__meta":{"schema_version":-1,"schema_name":"ColumnSpecsBase","schema_type":"Iced"},"name":"number_of_trees","type":"long","format":"%d","description":"Number of Trees"},{"__meta":{"schema_version":-1,"schema_name":"ColumnSpecsBase","schema_type":"Iced"},"name":"number_of_internal_trees","type":"long","format":"%d","description":"Number of Internal Trees"},{"__meta":{"schema_version":-1,"schema_name":"ColumnSpecsBase","schema_type":"Iced"},"name":"model_size_in_bytes","type":"long","format":"%d","description":"Model Size in Bytes"},{"__meta":{"schema_version":-1,"schema_name":"ColumnSpecsBase","schema_type":"Iced"},"name":"min_depth","type":"long","format":"%d","description":"Min. Depth"},{"__meta":{"schema_version":-1,"schema_name":"ColumnSpecsBase","schema_type":"Iced"},"name":"max_depth","type":"long","format":"%d","description":"Max. Depth"},{"__meta":{"schema_version":-1,"schema_name":"ColumnSpecsBase","schema_type":"Iced"},"name":"mean_depth","type":"double","format":"%.5f","description":"Mean Depth"},{"__meta":{"schema_version":-1,"schema_name":"ColumnSpecsBase","schema_type":"Iced"},"name":"min_leaves","type":"long","format":"%d","description":"Min. Leaves"},{"__meta":{"schema_version":-1,"schema_name":"ColumnSpecsBase","schema_type":"Iced"},"name":"max_leaves","type":"long","format":"%d","description":"Max. Leaves"},{"__meta":{"schema_version":-1,"schema_name":"ColumnSpecsBase","schema_type":"Iced"},"name":"mean_leaves","type":"double","format":"%.5f","description":"Mean Leaves"}],"rowcount":1,"data":[[""],[44],[44],[1915898],[17],[17],[17.0],[2117],[4545],[3464.682]]},"scoring_history":{"__meta":{"schema_version":3,"schema_name":"TwoDimTableV3","schema_type":"TwoDimTable"},"name":"Scoring History","description":"","columns":[{"__meta":{"schema_version":-1,"schema_name":"ColumnSpecsBase","schema_type":"Iced"},"name":"","type":"string","format":"%s","description":""},{"__meta":{"schema_version":-1,"schema_name":"ColumnSpecsBase","schema_type":"Iced"},"name":"timestamp","type":"string","format":"%s","description":"Timestamp"},{"__meta":{"schema_version":-1,"schema_name":"ColumnSpecsBase","schema_type":"Iced"},"name":"duration","type":"string","format":"%s","description":"Duration"},{"__meta":{"schema_version":-1,"schema_name":"ColumnSpecsBase","schema_type":"Iced"},"name":"number_of_trees","type":"long","format":"%d","description":"Number of Trees"},{"__meta":{"schema_version":-1,"schema_name":"ColumnSpecsBase","schema_type":"Iced"},"name":"training_rmse","type":"double","format":"%.5f","description":"Training RMSE"},{"__meta":{"schema_version":-1,"schema_name":"ColumnSpecsBase","schema_type":"Iced"},"name":"training_mae","type":"double","format":"%.5f","description":"Training MAE"},{"__meta":{"schema_version":-1,"schema_name":"ColumnSpecsBase","schema_type":"Iced"},"name":"training_deviance","type":"double","format":"%.5f","description":"Training Deviance"},{"__meta":{"schema_version":-1,"schema_name":"ColumnSpecsBase","schema_type":"Iced"},"name":"validation_rmse","type":"double","format":"%.5f","description":"Validation RMSE"},{"__meta":{"schema_version":-1,"schema_name":"ColumnSpecsBase","schema_type":"Iced"},"name":"validation_mae","type":"double","format":"%.5f","description":"Validation MAE"},{"__meta":{"schema_version":-1,"schema_name":"ColumnSpecsBase","schema_type":"Iced"},"name":"validation_deviance","type":"double","format":"%.5f","description":"Validation Deviance"}],"rowcount":10,"data":[["","","","","","","","","",""],["2022-03-15 10:56:39","2022-03-15 10:56:40","2022-03-15 10:56:42","2022-03-15 10:56:44","2022-03-15 10:56:45","2022-03-15 10:56:47","2022-03-15 10:56:48","2022-03-15 10:56:49","2022-03-15 10:56:51","2022-03-15 10:56:51"],[" 7 min 11.389 sec"," 7 min 13.238 sec"," 7 min 14.952 sec"," 7 min 16.641 sec"," 7 min 18.222 sec"," 7 min 19.641 sec"," 7 min 21.050 sec"," 7 min 22.263 sec"," 7 min 23.453 sec"," 7 min 24.270 sec"],[0,5,10,15,20,25,30,35,40,44],[11.35713935039507,7.376763824742424,5.004530168581662,3.5544985978198227,2.6611631719977438,2.0933756082436945,1.691933767696997,1.4165081732302767,1.2004156874559881,1.0838211390665984],[9.55348646620287,6.168070071225734,4.143873801308888,2.889684904196597,2.103746418860192,1.6025246017175518,1.2531661467395907,1.0166124210210283,0.8386086931236261,0.7406086880271987],[128.98461422429213,54.41664452602848,25.045322208244,12.634460281903085,7.081789427997093,4.382221437189658,2.8626398742733556,2.0064954048281756,1.4409978226904325,1.174668261487619],[11.478823351442175,8.474360337186754,7.1423782630167185,6.624800163884531,6.44900682426784,6.378275584496711,6.36297289338787,6.3536491049156085,6.357840392916962,6.355899997215769],[9.690360221201821,7.102422476706737,5.834945457546115,5.243410524466256,4.97122439461925,4.843210850193954,4.792106336698617,4.766396715540073,4.760864666379316,4.754405943588005],[131.76338553361418,71.814783124484,51.013567252013715,43.88797721140452,41.58968901945318,40.68239943178686,40.48742404198881,40.368856948394914,40.42213446180651,40.39746477460741]]},"cv_scoring_history":[{"__meta":{"schema_version":3,"schema_name":"TwoDimTableV3","schema_type":"TwoDimTable"},"name":"Scoring History","description":"","columns":[{"__meta":{"schema_version":-1,"schema_name":"ColumnSpecsBase","schema_type":"Iced"},"name":"","type":"string","format":"%s","description":""},{"__meta":{"schema_version":-1,"schema_name":"ColumnSpecsBase","schema_type":"Iced"},"name":"timestamp","type":"string","format":"%s","description":"Timestamp"},{"__meta":{"schema_version":-1,"schema_name":"ColumnSpecsBase","schema_type":"Iced"},"name":"duration","type":"string","format":"%s","description":"Duration"},{"__meta":{"schema_version":-1,"schema_name":"ColumnSpecsBase","schema_type":"Iced"},"name":"number_of_trees","type":"long","format":"%d","description":"Number of Trees"},{"__meta":{"schema_version":-1,"schema_name":"ColumnSpecsBase","schema_type":"Iced"},"name":"training_rmse","type":"double","format":"%.5f","description":"Training RMSE"},{"__meta":{"schema_version":-1,"schema_name":"ColumnSpecsBase","schema_type":"Iced"},"name":"training_mae","type":"double","format":"%.5f","description":"Training MAE"},{"__meta":{"schema_version":-1,"schema_name":"ColumnSpecsBase","schema_type":"Iced"},"name":"training_deviance","type":"double","format":"%.5f","description":"Training Deviance"},{"__meta":{"schema_version":-1,"schema_name":"ColumnSpecsBase","schema_type":"Iced"},"name":"validation_rmse","type":"double","format":"%.5f","description":"Validation RMSE"},{"__meta":{"schema_version":-1,"schema_name":"ColumnSpecsBase","schema_type":"Iced"},"name":"validation_mae","type":"double","format":"%.5f","description":"Validation MAE"},{"__meta":{"schema_version":-1,"schema_name":"ColumnSpecsBase","schema_type":"Iced"},"name":"validation_deviance","type":"double","format":"%.5f","description":"Validation Deviance"}],"rowcount":11,"data":[["","","","","","","","","","",""],["2022-03-15 10:55:07","2022-03-15 10:55:09","2022-03-15 10:55:11","2022-03-15 10:55:13","2022-03-15 10:55:15","2022-03-15 10:55:17","2022-03-15 10:55:19","2022-03-15 10:55:21","2022-03-15 10:55:22","2022-03-15 10:55:24","2022-03-15 10:55:25"],[" 5 min 39.380 sec"," 5 min 41.786 sec"," 5 min 43.975 sec"," 5 min 46.126 sec"," 5 min 48.176 sec"," 5 min 50.058 sec"," 5 min 51.860 sec"," 5 min 53.545 sec"," 5 min 55.092 sec"," 5 min 56.416 sec"," 5 min 57.647 sec"],[0,5,10,15,20,25,30,35,40,45,50],[11.35462227386269,7.34052262022863,4.974184816040191,3.507800490122726,2.599674295751711,2.012280063999029,1.6089220437502272,1.3151738451231987,1.1020038404942463,0.956301467115109,0.8405546051060859],[9.54552057512949,6.1357809084221335,4.114827568035452,2.8484012732960515,2.0565681256490396,1.5418309735959606,1.1918240913183082,0.9447904451774951,0.7698704808510144,0.6520612792173669,0.5616450040538136],[128.92744698209873,53.88327233808819,24.74251458412479,12.304664278505237,6.758306443992153,4.049271055967935,2.5886301428654077,1.7296822428961394,1.2144124644640684,0.9145124960065099,0.706532044165048],[11.37984133721961,8.421209776728288,7.142726610700792,6.653675487361083,6.488342856708427,6.435830451974759,6.417964387351657,6.411771332674912,6.410256056206022,6.410502510236443,6.409358000982696],[9.631368502019175,7.053425162088497,5.845345865358007,5.272553467084791,5.020052267745555,4.914568433670148,4.8676548414269565,4.842735433682647,4.833866302790917,4.82852734491741,4.82358742910172],[129.5007888602922,70.9167741036641,51.01854343521322,44.271397491109745,42.098593026199275,41.41991360656563,41.19026687731413,41.11081162251182,41.09138270612598,41.09454243374773,41.0798699847609]]},{"__meta":{"schema_version":3,"schema_name":"TwoDimTableV3","schema_type":"TwoDimTable"},"name":"Scoring History","description":"","columns":[{"__meta":{"schema_version":-1,"schema_name":"ColumnSpecsBase","schema_type":"Iced"},"name":"","type":"string","format":"%s","description":""},{"__meta":{"schema_version":-1,"schema_name":"ColumnSpecsBase","schema_type":"Iced"},"name":"timestamp","type":"string","format":"%s","description":"Timestamp"},{"__meta":{"schema_version":-1,"schema_name":"ColumnSpecsBase","schema_type":"Iced"},"name":"duration","type":"string","format":"%s","description":"Duration"},{"__meta":{"schema_version":-1,"schema_name":"ColumnSpecsBase","schema_type":"Iced"},"name":"number_of_trees","type":"long","format":"%d","description":"Number of Trees"},{"__meta":{"schema_version":-1,"schema_name":"ColumnSpecsBase","schema_type":"Iced"},"name":"training_rmse","type":"double","format":"%.5f","description":"Training RMSE"},{"__meta":{"schema_version":-1,"schema_name":"ColumnSpecsBase","schema_type":"Iced"},"name":"training_mae","type":"double","format":"%.5f","description":"Training MAE"},{"__meta":{"schema_version":-1,"schema_name":"ColumnSpecsBase","schema_type":"Iced"},"name":"training_deviance","type":"double","format":"%.5f","description":"Training Deviance"},{"__meta":{"schema_version":-1,"schema_name":"ColumnSpecsBase","schema_type":"Iced"},"name":"validation_rmse","type":"double","format":"%.5f","description":"Validation RMSE"},{"__meta":{"schema_version":-1,"schema_name":"ColumnSpecsBase","schema_type":"Iced"},"name":"validation_mae","type":"double","format":"%.5f","description":"Validation MAE"},{"__meta":{"schema_version":-1,"schema_name":"ColumnSpecsBase","schema_type":"Iced"},"name":"validation_deviance","type":"double","format":"%.5f","description":"Validation Deviance"}],"rowcount":11,"data":[["","","","","","","","","","",""],["2022-03-15 10:55:07","2022-03-15 10:55:09","2022-03-15 10:55:11","2022-03-15 10:55:13","2022-03-15 10:55:15","2022-03-15 10:55:17","2022-03-15 10:55:19","2022-03-15 10:55:21","2022-03-15 10:55:22","2022-03-15 10:55:24","2022-03-15 10:55:25"],[" 5 min 39.381 sec"," 5 min 41.812 sec"," 5 min 44.072 sec"," 5 min 46.220 sec"," 5 min 48.266 sec"," 5 min 50.138 sec"," 5 min 51.930 sec"," 5 min 53.577 sec"," 5 min 55.118 sec"," 5 min 56.544 sec"," 5 min 57.731 sec"],[0,5,10,15,20,25,30,35,40,45,50],[11.370248255787995,7.363888993224332,4.971769270389708,3.524050938537033,2.620477405155616,2.0400301053509646,1.6368147510600597,1.355365990637458,1.1482350924934588,0.9944136417179541,0.8749543412523274],[9.567294458807533,6.158185196250371,4.111883611645478,2.8571252585989115,2.0675369376988284,1.5586038175504338,1.2079135026736099,0.9669612546047147,0.7972280696741616,0.6720301279163482,0.5801512605291201],[129.28254539824994,54.22686110453047,24.718489677991414,12.418935017403742,6.866901830931109,4.161722830738268,2.679162529287805,1.837016968576658,1.3184438276334618,0.9888584908347636,0.7655450992762941],[11.238478475148773,8.310985595256188,7.019988954384525,6.506079130652985,6.320894086606144,6.257002479847487,6.2386728245285115,6.237661158922623,6.236100810012696,6.241351477093735,6.244799775531097],[9.42728169900077,6.881415658260454,5.68033306430462,5.123981919507475,4.875999717579914,4.764139905230664,4.710357678646212,4.693115754180577,4.683782464483973,4.683713223939201,4.683147426087895],[126.30339843638227,69.07248156455586,49.28024491968073,42.329065654318306,39.95370205409252,39.1500800328176,38.92103861151056,38.90841673353192,38.88895331264099,38.95446826062015,38.99752423647324]]},{"__meta":{"schema_version":3,"schema_name":"TwoDimTableV3","schema_type":"TwoDimTable"},"name":"Scoring History","description":"","columns":[{"__meta":{"schema_version":-1,"schema_name":"ColumnSpecsBase","schema_type":"Iced"},"name":"","type":"string","format":"%s","description":""},{"__meta":{"schema_version":-1,"schema_name":"ColumnSpecsBase","schema_type":"Iced"},"name":"timestamp","type":"string","format":"%s","description":"Timestamp"},{"__meta":{"schema_version":-1,"schema_name":"ColumnSpecsBase","schema_type":"Iced"},"name":"duration","type":"string","format":"%s","description":"Duration"},{"__meta":{"schema_version":-1,"schema_name":"ColumnSpecsBase","schema_type":"Iced"},"name":"number_of_trees","type":"long","format":"%d","description":"Number of Trees"},{"__meta":{"schema_version":-1,"schema_name":"ColumnSpecsBase","schema_type":"Iced"},"name":"training_rmse","type":"double","format":"%.5f","description":"Training RMSE"},{"__meta":{"schema_version":-1,"schema_name":"ColumnSpecsBase","schema_type":"Iced"},"name":"training_mae","type":"double","format":"%.5f","description":"Training MAE"},{"__meta":{"schema_version":-1,"schema_name":"ColumnSpecsBase","schema_type":"Iced"},"name":"training_deviance","type":"double","format":"%.5f","description":"Training Deviance"},{"__meta":{"schema_version":-1,"schema_name":"ColumnSpecsBase","schema_type":"Iced"},"name":"validation_rmse","type":"double","format":"%.5f","description":"Validation RMSE"},{"__meta":{"schema_version":-1,"schema_name":"ColumnSpecsBase","schema_type":"Iced"},"name":"validation_mae","type":"double","format":"%.5f","description":"Validation MAE"},{"__meta":{"schema_version":-1,"schema_name":"ColumnSpecsBase","schema_type":"Iced"},"name":"validation_deviance","type":"double","format":"%.5f","description":"Validation Deviance"}],"rowcount":11,"data":[["","","","","","","","","","",""],["2022-03-15 10:55:25","2022-03-15 10:55:27","2022-03-15 10:55:30","2022-03-15 10:55:32","2022-03-15 10:55:34","2022-03-15 10:55:36","2022-03-15 10:55:37","2022-03-15 10:55:39","2022-03-15 10:55:41","2022-03-15 10:55:42","2022-03-15 10:55:43"],[" 5 min 57.781 sec"," 6 min  0.266 sec"," 6 min  2.548 sec"," 6 min  4.755 sec"," 6 min  6.678 sec"," 6 min  8.572 sec"," 6 min 10.298 sec"," 6 min 12.066 sec"," 6 min 13.648 sec"," 6 min 14.911 sec"," 6 min 16.116 sec"],[0,5,10,15,20,25,30,35,40,45,50],[11.360676164518672,7.352642332828031,4.948943046097487,3.4918740361910388,2.6169178703277187,2.028644790674114,1.6491533921432824,1.3694246666140697,1.1452361147607886,1.0041179917931589,0.8748650612410173],[9.55651921660544,6.14821330191706,4.099371169703777,2.840684930896429,2.0684641274994506,1.5518825963105565,1.215503893769027,0.9742733066874047,0.7933391841869567,0.6780229167496081,0.5813874023529657],[129.0649629150627,54.06134927449484,24.492037273516672,12.193184284625097,6.848259140040563,4.11539968672922,2.7197069108176946,1.875323917531056,1.311565758552386,1.0082529414427261,0.7653888753802489],[11.325544557175732,8.397769481919534,7.113310627111827,6.605253814648717,6.410600626509855,6.3524782929237436,6.337606701958751,6.324787299434995,6.323949286980326,6.32740974884024,6.326908138968637],[9.51418714084784,6.977895364519815,5.751979058427096,5.190711381608449,4.930487031553044,4.82507827056391,4.780329986043193,4.757102213036254,4.7483777473942945,4.747812422857119,4.746929891160718],[128.26795951657286,70.52253227145907,50.59918807778205,43.629377955931425,41.095800392608545,40.353980462067355,40.16525870871247,40.002934383094214,39.99233458429898,40.03611412971851,40.02976659894758]]},{"__meta":{"schema_version":3,"schema_name":"TwoDimTableV3","schema_type":"TwoDimTable"},"name":"Scoring History","description":"","columns":[{"__meta":{"schema_version":-1,"schema_name":"ColumnSpecsBase","schema_type":"Iced"},"name":"","type":"string","format":"%s","description":""},{"__meta":{"schema_version":-1,"schema_name":"ColumnSpecsBase","schema_type":"Iced"},"name":"timestamp","type":"string","format":"%s","description":"Timestamp"},{"__meta":{"schema_version":-1,"schema_name":"ColumnSpecsBase","schema_type":"Iced"},"name":"duration","type":"string","format":"%s","description":"Duration"},{"__meta":{"schema_version":-1,"schema_name":"ColumnSpecsBase","schema_type":"Iced"},"name":"number_of_trees","type":"long","format":"%d","description":"Number of Trees"},{"__meta":{"schema_version":-1,"schema_name":"ColumnSpecsBase","schema_type":"Iced"},"name":"training_rmse","type":"double","format":"%.5f","description":"Training RMSE"},{"__meta":{"schema_version":-1,"schema_name":"ColumnSpecsBase","schema_type":"Iced"},"name":"training_mae","type":"double","format":"%.5f","description":"Training MAE"},{"__meta":{"schema_version":-1,"schema_name":"ColumnSpecsBase","schema_type":"Iced"},"name":"training_deviance","type":"double","format":"%.5f","description":"Training Deviance"},{"__meta":{"schema_version":-1,"schema_name":"ColumnSpecsBase","schema_type":"Iced"},"name":"validation_rmse","type":"double","format":"%.5f","description":"Validation RMSE"},{"__meta":{"schema_version":-1,"schema_name":"ColumnSpecsBase","schema_type":"Iced"},"name":"validation_mae","type":"double","format":"%.5f","description":"Validation MAE"},{"__meta":{"schema_version":-1,"schema_name":"ColumnSpecsBase","schema_type":"Iced"},"name":"validation_deviance","type":"double","format":"%.5f","description":"Validation Deviance"}],"rowcount":11,"data":[["","","","","","","","","","",""],["2022-03-15 10:55:25","2022-03-15 10:55:27","2022-03-15 10:55:30","2022-03-15 10:55:32","2022-03-15 10:55:34","2022-03-15 10:55:36","2022-03-15 10:55:37","2022-03-15 10:55:39","2022-03-15 10:55:40","2022-03-15 10:55:42","2022-03-15 10:55:43"],[" 5 min 57.781 sec"," 6 min  0.202 sec"," 6 min  2.425 sec"," 6 min  4.547 sec"," 6 min  6.507 sec"," 6 min  8.394 sec"," 6 min 10.107 sec"," 6 min 11.842 sec"," 6 min 13.323 sec"," 6 min 14.745 sec"," 6 min 16.021 sec"],[0,5,10,15,20,25,30,35,40,45,50],[11.346087853565642,7.349569540729098,4.961095711557073,3.509152311742294,2.62417204362259,2.042484622343505,1.6576037206491192,1.3826255127451734,1.1683600520739712,0.9988769535315775,0.8698823699166498],[9.540471949370328,6.141704517482748,4.103323020848096,2.849734526931045,2.0729775643212465,1.5622792791564275,1.226839873056434,0.9891272362268786,0.8140645822665689,0.6784231696560973,0.5805585289007111],[128.7337095808298,54.01617243401292,24.612470659229977,12.314149947006285,6.886278914530362,4.171743432509691,2.7476500947098033,1.9116533084938538,1.3650652112822925,0.9977551682965251,0.7566953374918072],[11.456207139970177,8.49481030204969,7.192506379690175,6.682034786319875,6.50516237089344,6.439164163694456,6.430230784419212,6.4281943427429065,6.425889212952398,6.42569872739598,6.4259708209479545],[9.664045391333559,7.08295163247228,5.849614695678402,5.283802172853626,5.036139290335653,4.924272194439481,4.888794341340034,4.867567494417472,4.856856246287996,4.85159815410649,4.8479113618370935],[131.24468203390364,72.16180206780953,51.732148021883866,44.6495888855889,42.317137471687964,41.46283512700692,41.34786794089251,41.3216825080719,41.29205217713799,41.28960413525831,41.29310099167453]]},{"__meta":{"schema_version":3,"schema_name":"TwoDimTableV3","schema_type":"TwoDimTable"},"name":"Scoring History","description":"","columns":[{"__meta":{"schema_version":-1,"schema_name":"ColumnSpecsBase","schema_type":"Iced"},"name":"","type":"string","format":"%s","description":""},{"__meta":{"schema_version":-1,"schema_name":"ColumnSpecsBase","schema_type":"Iced"},"name":"timestamp","type":"string","format":"%s","description":"Timestamp"},{"__meta":{"schema_version":-1,"schema_name":"ColumnSpecsBase","schema_type":"Iced"},"name":"duration","type":"string","format":"%s","description":"Duration"},{"__meta":{"schema_version":-1,"schema_name":"ColumnSpecsBase","schema_type":"Iced"},"name":"number_of_trees","type":"long","format":"%d","description":"Number of Trees"},{"__meta":{"schema_version":-1,"schema_name":"ColumnSpecsBase","schema_type":"Iced"},"name":"training_rmse","type":"double","format":"%.5f","description":"Training RMSE"},{"__meta":{"schema_version":-1,"schema_name":"ColumnSpecsBase","schema_type":"Iced"},"name":"training_mae","type":"double","format":"%.5f","description":"Training MAE"},{"__meta":{"schema_version":-1,"schema_name":"ColumnSpecsBase","schema_type":"Iced"},"name":"training_deviance","type":"double","format":"%.5f","description":"Training Deviance"},{"__meta":{"schema_version":-1,"schema_name":"ColumnSpecsBase","schema_type":"Iced"},"name":"validation_rmse","type":"double","format":"%.5f","description":"Validation RMSE"},{"__meta":{"schema_version":-1,"schema_name":"ColumnSpecsBase","schema_type":"Iced"},"name":"validation_mae","type":"double","format":"%.5f","description":"Validation MAE"},{"__meta":{"schema_version":-1,"schema_name":"ColumnSpecsBase","schema_type":"Iced"},"name":"validation_deviance","type":"double","format":"%.5f","description":"Validation Deviance"}],"rowcount":11,"data":[["","","","","","","","","","",""],["2022-03-15 10:55:43","2022-03-15 10:55:46","2022-03-15 10:55:48","2022-03-15 10:55:50","2022-03-15 10:55:52","2022-03-15 10:55:54","2022-03-15 10:55:56","2022-03-15 10:55:57","2022-03-15 10:55:59","2022-03-15 10:56:00","2022-03-15 10:56:01"],[" 6 min 16.185 sec"," 6 min 18.539 sec"," 6 min 20.731 sec"," 6 min 22.899 sec"," 6 min 24.883 sec"," 6 min 26.794 sec"," 6 min 28.548 sec"," 6 min 30.244 sec"," 6 min 31.735 sec"," 6 min 33.051 sec"," 6 min 34.280 sec"],[0,5,10,15,20,25,30,35,40,45,50],[11.357470161632099,7.352861887134906,4.971578504249469,3.508300861861612,2.6212262030417692,2.0438534916192954,1.6428491809424215,1.3526297325637544,1.1484717924762669,1.007040364126949,0.8821477537740406],[9.553354814245422,6.146438780462537,4.114980515180954,2.8521674152490255,2.0707087266204107,1.5609518532205666,1.2140049542916846,0.9669811831989668,0.7975564283499778,0.6812623349783895,0.5865983328020382],[128.99212847236345,54.064577931281086,24.716592823915384,12.30817493733893,6.870826807512771,4.177337095204385,2.698953431323185,1.8296071934154938,1.3189874581136496,1.0141302949809379,0.7781846594885854],[11.35449926466786,8.405017586504362,7.122989134769874,6.636105336291278,6.465158081099696,6.411976472464415,6.391553640942412,6.382391882652487,6.379987166025909,6.3808259877169275,6.381030216026266],[9.568025324250764,7.037840508787137,5.816102067647329,5.254028942499376,4.997907359289661,4.881482077867317,4.828139727259521,4.801317825474641,4.787455106278251,4.781852940852759,4.780459177360997],[128.92465355134297,70.64432062944762,50.73697421404968,44.03789403435358,41.798269013608696,41.11344228343721,40.851957945044205,40.73492614374836,40.70423623865532,40.7149402855237,40.71754661784022]]},{"__meta":{"schema_version":3,"schema_name":"TwoDimTableV3","schema_type":"TwoDimTable"},"name":"Scoring History","description":"","columns":[{"__meta":{"schema_version":-1,"schema_name":"ColumnSpecsBase","schema_type":"Iced"},"name":"","type":"string","format":"%s","description":""},{"__meta":{"schema_version":-1,"schema_name":"ColumnSpecsBase","schema_type":"Iced"},"name":"timestamp","type":"string","format":"%s","description":"Timestamp"},{"__meta":{"schema_version":-1,"schema_name":"ColumnSpecsBase","schema_type":"Iced"},"name":"duration","type":"string","format":"%s","description":"Duration"},{"__meta":{"schema_version":-1,"schema_name":"ColumnSpecsBase","schema_type":"Iced"},"name":"number_of_trees","type":"long","format":"%d","description":"Number of Trees"},{"__meta":{"schema_version":-1,"schema_name":"ColumnSpecsBase","schema_type":"Iced"},"name":"training_rmse","type":"double","format":"%.5f","description":"Training RMSE"},{"__meta":{"schema_version":-1,"schema_name":"ColumnSpecsBase","schema_type":"Iced"},"name":"training_mae","type":"double","format":"%.5f","description":"Training MAE"},{"__meta":{"schema_version":-1,"schema_name":"ColumnSpecsBase","schema_type":"Iced"},"name":"training_deviance","type":"double","format":"%.5f","description":"Training Deviance"},{"__meta":{"schema_version":-1,"schema_name":"ColumnSpecsBase","schema_type":"Iced"},"name":"validation_rmse","type":"double","format":"%.5f","description":"Validation RMSE"},{"__meta":{"schema_version":-1,"schema_name":"ColumnSpecsBase","schema_type":"Iced"},"name":"validation_mae","type":"double","format":"%.5f","description":"Validation MAE"},{"__meta":{"schema_version":-1,"schema_name":"ColumnSpecsBase","schema_type":"Iced"},"name":"validation_deviance","type":"double","format":"%.5f","description":"Validation Deviance"}],"rowcount":11,"data":[["","","","","","","","","","",""],["2022-03-15 10:55:43","2022-03-15 10:55:46","2022-03-15 10:55:48","2022-03-15 10:55:50","2022-03-15 10:55:52","2022-03-15 10:55:54","2022-03-15 10:55:56","2022-03-15 10:55:57","2022-03-15 10:55:59","2022-03-15 10:56:00","2022-03-15 10:56:02"],[" 6 min 16.193 sec"," 6 min 18.579 sec"," 6 min 20.837 sec"," 6 min 22.973 sec"," 6 min 25.007 sec"," 6 min 26.907 sec"," 6 min 28.618 sec"," 6 min 30.313 sec"," 6 min 31.806 sec"," 6 min 33.125 sec"," 6 min 34.404 sec"],[0,5,10,15,20,25,30,35,40,45,50],[11.344182806126945,7.3404093510837445,4.944420905184537,3.503888347629083,2.6211927884737776,2.0316732841784173,1.6483978401225392,1.3555276171293744,1.1554293669988887,1.0073711835873664,0.8674434106646317],[9.540691400636334,6.1389974370556,4.094358200211929,2.8462179810030195,2.0687501269081126,1.551703152339059,1.2162922516623564,0.9684431852666016,0.8007963211430458,0.6805820227918685,0.576085560486344],[128.69048353882621,53.88160944147768,24.44729808762588,12.277233552650868,6.870651634346937,4.127696333644316,2.7172154393206527,1.83745512080044,1.3350170221234523,1.0147967015222117,0.7524580707054889],[11.473225400558286,8.481878172145459,7.163304528930308,6.6478166393248,6.470972420327254,6.40390169019214,6.379837325359295,6.375371621419147,6.374566770260272,6.373190737305603,6.374508553709839],[9.677108506669164,7.078474660349665,5.839753085576336,5.26004817824439,5.0046921275654,4.883777700793274,4.832300524320692,4.811937436757324,4.803161616733958,4.796793248575168,4.796069488927635],[131.63490109201587,71.9422573271176,51.31293177419345,44.19346607008367,41.87348406463595,41.00995685764575,40.70232429804765,40.645363311196604,40.63510150850648,40.617560174077944,40.634359301319904]]},{"__meta":{"schema_version":3,"schema_name":"TwoDimTableV3","schema_type":"TwoDimTable"},"name":"Scoring History","description":"","columns":[{"__meta":{"schema_version":-1,"schema_name":"ColumnSpecsBase","schema_type":"Iced"},"name":"","type":"string","format":"%s","description":""},{"__meta":{"schema_version":-1,"schema_name":"ColumnSpecsBase","schema_type":"Iced"},"name":"timestamp","type":"string","format":"%s","description":"Timestamp"},{"__meta":{"schema_version":-1,"schema_name":"ColumnSpecsBase","schema_type":"Iced"},"name":"duration","type":"string","format":"%s","description":"Duration"},{"__meta":{"schema_version":-1,"schema_name":"ColumnSpecsBase","schema_type":"Iced"},"name":"number_of_trees","type":"long","format":"%d","description":"Number of Trees"},{"__meta":{"schema_version":-1,"schema_name":"ColumnSpecsBase","schema_type":"Iced"},"name":"training_rmse","type":"double","format":"%.5f","description":"Training RMSE"},{"__meta":{"schema_version":-1,"schema_name":"ColumnSpecsBase","schema_type":"Iced"},"name":"training_mae","type":"double","format":"%.5f","description":"Training MAE"},{"__meta":{"schema_version":-1,"schema_name":"ColumnSpecsBase","schema_type":"Iced"},"name":"training_deviance","type":"double","format":"%.5f","description":"Training Deviance"},{"__meta":{"schema_version":-1,"schema_name":"ColumnSpecsBase","schema_type":"Iced"},"name":"validation_rmse","type":"double","format":"%.5f","description":"Validation RMSE"},{"__meta":{"schema_version":-1,"schema_name":"ColumnSpecsBase","schema_type":"Iced"},"name":"validation_mae","type":"double","format":"%.5f","description":"Validation MAE"},{"__meta":{"schema_version":-1,"schema_name":"ColumnSpecsBase","schema_type":"Iced"},"name":"validation_deviance","type":"double","format":"%.5f","description":"Validation Deviance"}],"rowcount":11,"data":[["","","","","","","","","","",""],["2022-03-15 10:56:02","2022-03-15 10:56:04","2022-03-15 10:56:06","2022-03-15 10:56:08","2022-03-15 10:56:10","2022-03-15 10:56:12","2022-03-15 10:56:14","2022-03-15 10:56:16","2022-03-15 10:56:17","2022-03-15 10:56:19","2022-03-15 10:56:20"],[" 6 min 34.450 sec"," 6 min 36.776 sec"," 6 min 39.049 sec"," 6 min 41.164 sec"," 6 min 43.232 sec"," 6 min 45.084 sec"," 6 min 46.850 sec"," 6 min 48.606 sec"," 6 min 50.144 sec"," 6 min 51.502 sec"," 6 min 52.702 sec"],[0,5,10,15,20,25,30,35,40,45,50],[11.354325619598503,7.362634213427999,4.968587110861721,3.5243388696817752,2.6163325441626615,2.0379221115466843,1.6372422049520483,1.3415661057784605,1.1266099195228456,0.9673437411364865,0.8572349103081859],[9.553887152513303,6.156495233579756,4.114240584585374,2.8635983688318802,2.0683866540326226,1.5555144580850437,1.2107876477996928,0.9598367306317707,0.7837617688758245,0.6587820100252083,0.5728103422436024],[128.92071027587093,54.20838256074053,24.686857878221225,12.420964468349812,6.845195981644665,4.153126532730897,2.680562037676245,1.7997996161735834,1.2692499107672726,0.9357539135159337,0.7348516914510835],[11.382519326522031,8.373682613463451,7.018746039134847,6.494118640961015,6.294643613459548,6.225454293633783,6.204103269999765,6.1961558308584195,6.195771211570036,6.1932265499301735,6.18890119591881],[9.543190216797743,6.972718699454739,5.7403471303871365,5.15096532916157,4.867026299782822,4.743427936497126,4.686700268943353,4.657118944243256,4.647911488374633,4.641519689051313,4.636620887068742],[129.56174621864756,70.11856051102009,49.26279596187109,42.173576922877345,39.62253822046707,38.75628116212331,38.49089738482178,38.39234708028079,38.38758090612003,38.35605509876,38.30249801284528]]},{"__meta":{"schema_version":3,"schema_name":"TwoDimTableV3","schema_type":"TwoDimTable"},"name":"Scoring History","description":"","columns":[{"__meta":{"schema_version":-1,"schema_name":"ColumnSpecsBase","schema_type":"Iced"},"name":"","type":"string","format":"%s","description":""},{"__meta":{"schema_version":-1,"schema_name":"ColumnSpecsBase","schema_type":"Iced"},"name":"timestamp","type":"string","format":"%s","description":"Timestamp"},{"__meta":{"schema_version":-1,"schema_name":"ColumnSpecsBase","schema_type":"Iced"},"name":"duration","type":"string","format":"%s","description":"Duration"},{"__meta":{"schema_version":-1,"schema_name":"ColumnSpecsBase","schema_type":"Iced"},"name":"number_of_trees","type":"long","format":"%d","description":"Number of Trees"},{"__meta":{"schema_version":-1,"schema_name":"ColumnSpecsBase","schema_type":"Iced"},"name":"training_rmse","type":"double","format":"%.5f","description":"Training RMSE"},{"__meta":{"schema_version":-1,"schema_name":"ColumnSpecsBase","schema_type":"Iced"},"name":"training_mae","type":"double","format":"%.5f","description":"Training MAE"},{"__meta":{"schema_version":-1,"schema_name":"ColumnSpecsBase","schema_type":"Iced"},"name":"training_deviance","type":"double","format":"%.5f","description":"Training Deviance"},{"__meta":{"schema_version":-1,"schema_name":"ColumnSpecsBase","schema_type":"Iced"},"name":"validation_rmse","type":"double","format":"%.5f","description":"Validation RMSE"},{"__meta":{"schema_version":-1,"schema_name":"ColumnSpecsBase","schema_type":"Iced"},"name":"validation_mae","type":"double","format":"%.5f","description":"Validation MAE"},{"__meta":{"schema_version":-1,"schema_name":"ColumnSpecsBase","schema_type":"Iced"},"name":"validation_deviance","type":"double","format":"%.5f","description":"Validation Deviance"}],"rowcount":11,"data":[["","","","","","","","","","",""],["2022-03-15 10:56:02","2022-03-15 10:56:04","2022-03-15 10:56:06","2022-03-15 10:56:08","2022-03-15 10:56:10","2022-03-15 10:56:12","2022-03-15 10:56:14","2022-03-15 10:56:16","2022-03-15 10:56:17","2022-03-15 10:56:19","2022-03-15 10:56:20"],[" 6 min 34.450 sec"," 6 min 36.859 sec"," 6 min 39.131 sec"," 6 min 41.297 sec"," 6 min 43.327 sec"," 6 min 45.216 sec"," 6 min 47.041 sec"," 6 min 48.709 sec"," 6 min 50.296 sec"," 6 min 51.769 sec"," 6 min 52.892 sec"],[0,5,10,15,20,25,30,35,40,45,50],[11.35472012282722,7.335826425974102,4.933062377223989,3.4704989455131043,2.5896181111785657,2.0165175985779054,1.626676434951131,1.3535318699076528,1.1380241422247896,0.963720249265831,0.8448136906361732],[9.551870191381136,6.1371029368950945,4.086970876496141,2.8233172765128103,2.048156420982734,1.5409041419773073,1.2002880882933809,0.9642729814132274,0.7868580284404385,0.6510679253634852,0.5621849636266826],[128.92966906773742,53.81434935201997,24.3351044175828,12.04436293080757,6.706121961744041,4.0663432253744025,2.646076224025321,1.8320485228557075,1.295098948286468,0.9287567188449954,0.7137101718863118],[11.37894839939508,8.451697449189096,7.165893476748857,6.66147956815142,6.49366465337021,6.433891575431343,6.414838698971438,6.412777599508871,6.417575932503631,6.422872685863652,6.4245424691091415],[9.56253351224733,7.032996732811323,5.837730464199334,5.277964821109254,5.031862294156814,4.918371284278174,4.875847516683237,4.8558497364730995,4.846840918796921,4.845285266189375,4.84268006859799],[129.48046667609586,71.43118977262947,51.35002932011182,44.375310036898824,42.16768063042965,41.3949608044064,41.15015553382157,41.123716540762764,41.185280849449846,41.25329353881336,41.27474593738699]]},{"__meta":{"schema_version":3,"schema_name":"TwoDimTableV3","schema_type":"TwoDimTable"},"name":"Scoring History","description":"","columns":[{"__meta":{"schema_version":-1,"schema_name":"ColumnSpecsBase","schema_type":"Iced"},"name":"","type":"string","format":"%s","description":""},{"__meta":{"schema_version":-1,"schema_name":"ColumnSpecsBase","schema_type":"Iced"},"name":"timestamp","type":"string","format":"%s","description":"Timestamp"},{"__meta":{"schema_version":-1,"schema_name":"ColumnSpecsBase","schema_type":"Iced"},"name":"duration","type":"string","format":"%s","description":"Duration"},{"__meta":{"schema_version":-1,"schema_name":"ColumnSpecsBase","schema_type":"Iced"},"name":"number_of_trees","type":"long","format":"%d","description":"Number of Trees"},{"__meta":{"schema_version":-1,"schema_name":"ColumnSpecsBase","schema_type":"Iced"},"name":"training_rmse","type":"double","format":"%.5f","description":"Training RMSE"},{"__meta":{"schema_version":-1,"schema_name":"ColumnSpecsBase","schema_type":"Iced"},"name":"training_mae","type":"double","format":"%.5f","description":"Training MAE"},{"__meta":{"schema_version":-1,"schema_name":"ColumnSpecsBase","schema_type":"Iced"},"name":"training_deviance","type":"double","format":"%.5f","description":"Training Deviance"},{"__meta":{"schema_version":-1,"schema_name":"ColumnSpecsBase","schema_type":"Iced"},"name":"validation_rmse","type":"double","format":"%.5f","description":"Validation RMSE"},{"__meta":{"schema_version":-1,"schema_name":"ColumnSpecsBase","schema_type":"Iced"},"name":"validation_mae","type":"double","format":"%.5f","description":"Validation MAE"},{"__meta":{"schema_version":-1,"schema_name":"ColumnSpecsBase","schema_type":"Iced"},"name":"validation_deviance","type":"double","format":"%.5f","description":"Validation Deviance"}],"rowcount":11,"data":[["","","","","","","","","","",""],["2022-03-15 10:56:20","2022-03-15 10:56:22","2022-03-15 10:56:25","2022-03-15 10:56:27","2022-03-15 10:56:29","2022-03-15 10:56:31","2022-03-15 10:56:32","2022-03-15 10:56:34","2022-03-15 10:56:36","2022-03-15 10:56:37","2022-03-15 10:56:38"],[" 6 min 52.938 sec"," 6 min 55.328 sec"," 6 min 57.481 sec"," 6 min 59.660 sec"," 7 min  1.631 sec"," 7 min  3.475 sec"," 7 min  5.240 sec"," 7 min  7.001 sec"," 7 min  8.522 sec"," 7 min  9.893 sec"," 7 min 11.261 sec"],[0,5,10,15,20,25,30,35,40,45,50],[11.366450055728217,7.362028283388837,4.993395164012175,3.5356912538514207,2.641764913775517,2.066608172498322,1.6726421638595448,1.3792626857605772,1.173060346463434,1.0182764481661886,0.8845472090446933],[9.565447729334787,6.155057373473779,4.132165990806259,2.868806002177244,2.0838146198423027,1.5758054934700785,1.2300995562644574,0.9813845897294751,0.8106683817532924,0.6860775356765368,0.5825506193894711],[129.19618686936397,54.19946044541719,24.933995263980172,12.50111264256143,6.9789218596553635,4.270869338636853,2.7977318083207403,1.902365556331481,1.3760705764449115,1.0368869248899484,0.7824237650287564],[11.27330407713227,8.320243053463448,7.03041981881779,6.536774291329716,6.360573093092778,6.30870402541115,6.296812916725998,6.295251129223757,6.297690616847762,6.298828110744644,6.2988627602823],[9.45851593811766,6.921536706112794,5.716945039828232,5.162457166147469,4.911116278066247,4.808053675409275,4.7658365025067235,4.748796355297336,4.742986722336951,4.741039783668149,4.740059799617059],[127.08738481548704,69.22644446870677,49.42680282882597,42.72941813578912,40.45689007257583,39.799746480238845,39.649852908247375,39.630186779993,39.66090710553235,39.675235568706945,39.67567207287116]]},{"__meta":{"schema_version":3,"schema_name":"TwoDimTableV3","schema_type":"TwoDimTable"},"name":"Scoring History","description":"","columns":[{"__meta":{"schema_version":-1,"schema_name":"ColumnSpecsBase","schema_type":"Iced"},"name":"","type":"string","format":"%s","description":""},{"__meta":{"schema_version":-1,"schema_name":"ColumnSpecsBase","schema_type":"Iced"},"name":"timestamp","type":"string","format":"%s","description":"Timestamp"},{"__meta":{"schema_version":-1,"schema_name":"ColumnSpecsBase","schema_type":"Iced"},"name":"duration","type":"string","format":"%s","description":"Duration"},{"__meta":{"schema_version":-1,"schema_name":"ColumnSpecsBase","schema_type":"Iced"},"name":"number_of_trees","type":"long","format":"%d","description":"Number of Trees"},{"__meta":{"schema_version":-1,"schema_name":"ColumnSpecsBase","schema_type":"Iced"},"name":"training_rmse","type":"double","format":"%.5f","description":"Training RMSE"},{"__meta":{"schema_version":-1,"schema_name":"ColumnSpecsBase","schema_type":"Iced"},"name":"training_mae","type":"double","format":"%.5f","description":"Training MAE"},{"__meta":{"schema_version":-1,"schema_name":"ColumnSpecsBase","schema_type":"Iced"},"name":"training_deviance","type":"double","format":"%.5f","description":"Training Deviance"},{"__meta":{"schema_version":-1,"schema_name":"ColumnSpecsBase","schema_type":"Iced"},"name":"validation_rmse","type":"double","format":"%.5f","description":"Validation RMSE"},{"__meta":{"schema_version":-1,"schema_name":"ColumnSpecsBase","schema_type":"Iced"},"name":"validation_mae","type":"double","format":"%.5f","description":"Validation MAE"},{"__meta":{"schema_version":-1,"schema_name":"ColumnSpecsBase","schema_type":"Iced"},"name":"validation_deviance","type":"double","format":"%.5f","description":"Validation Deviance"}],"rowcount":11,"data":[["","","","","","","","","","",""],["2022-03-15 10:56:20","2022-03-15 10:56:23","2022-03-15 10:56:25","2022-03-15 10:56:27","2022-03-15 10:56:29","2022-03-15 10:56:31","2022-03-15 10:56:33","2022-03-15 10:56:34","2022-03-15 10:56:36","2022-03-15 10:56:37","2022-03-15 10:56:38"],[" 6 min 52.948 sec"," 6 min 55.367 sec"," 6 min 57.593 sec"," 6 min 59.757 sec"," 7 min  1.742 sec"," 7 min  3.666 sec"," 7 min  5.415 sec"," 7 min  7.167 sec"," 7 min  8.650 sec"," 7 min  9.996 sec"," 7 min 11.229 sec"],[0,5,10,15,20,25,30,35,40,45,50],[11.362435132378153,7.369590095532128,4.9679210254205675,3.51315180885458,2.631699380087354,2.0359012072059333,1.6494715535807487,1.365932999018192,1.154193659819465,0.9992805553896178,0.8770081103937821],[9.559615979938032,6.165872681595121,4.118475884383549,2.8624722329183276,2.0837635754388386,1.558838074600541,1.2193926536130217,0.9761189982724288,0.8019231270031356,0.6772710480161878,0.582768896543193],[129.10493213750132,54.31085817616523,24.68023931481574,12.342235632058207,6.925841627152162,4.144893725502577,2.7207564060720886,1.8657729578068325,1.332163004367451,0.9985616283797829,0.7691432256964723],[11.309470993054797,8.34067676298921,7.051349226422795,6.542256002348887,6.360466412071317,6.304092581891677,6.289156285130379,6.28474109166285,6.288325460512914,6.288897719770997,6.288244802633758],[9.49101842248523,6.951567300462305,5.753920750562349,5.191012092914016,4.93461829213993,4.822411373942072,4.774528266902695,4.753832490286025,4.7441071264074814,4.737026511001581,4.733618137061103],[127.90413414274784,69.56688886466816,49.721525912973355,42.80111360027004,40.45553297908737,39.74158328106167,39.553486778794955,39.49797058923556,39.54303709733496,39.55023452974084,39.54202269785048]]}],"reproducibility_information_table":[{"__meta":{"schema_version":3,"schema_name":"TwoDimTableV3","schema_type":"TwoDimTable"},"name":"Node Information","description":"","columns":[{"__meta":{"schema_version":-1,"schema_name":"ColumnSpecsBase","schema_type":"Iced"},"name":"","type":"string","format":"%s","description":""},{"__meta":{"schema_version":-1,"schema_name":"ColumnSpecsBase","schema_type":"Iced"},"name":"node","type":"int","format":"%d","description":"node"},{"__meta":{"schema_version":-1,"schema_name":"ColumnSpecsBase","schema_type":"Iced"},"name":"h2o","type":"string","format":"%s","description":"h2o"},{"__meta":{"schema_version":-1,"schema_name":"ColumnSpecsBase","schema_type":"Iced"},"name":"healthy","type":"string","format":"%s","description":"healthy"},{"__meta":{"schema_version":-1,"schema_name":"ColumnSpecsBase","schema_type":"Iced"},"name":"last_ping","type":"string","format":"%s","description":"last_ping"},{"__meta":{"schema_version":-1,"schema_name":"ColumnSpecsBase","schema_type":"Iced"},"name":"num_cpus","type":"int","format":"%d","description":"num_cpus"},{"__meta":{"schema_version":-1,"schema_name":"ColumnSpecsBase","schema_type":"Iced"},"name":"sys_load","type":"double","format":"%.5f","description":"sys_load"},{"__meta":{"schema_version":-1,"schema_name":"ColumnSpecsBase","schema_type":"Iced"},"name":"mem_value_size","type":"long","format":"%d","description":"mem_value_size"},{"__meta":{"schema_version":-1,"schema_name":"ColumnSpecsBase","schema_type":"Iced"},"name":"free_mem","type":"long","format":"%d","description":"free_mem"},{"__meta":{"schema_version":-1,"schema_name":"ColumnSpecsBase","schema_type":"Iced"},"name":"pojo_mem","type":"long","format":"%d","description":"pojo_mem"},{"__meta":{"schema_version":-1,"schema_name":"ColumnSpecsBase","schema_type":"Iced"},"name":"swap_mem","type":"long","format":"%d","description":"swap_mem"},{"__meta":{"schema_version":-1,"schema_name":"ColumnSpecsBase","schema_type":"Iced"},"name":"free_disc","type":"long","format":"%d","description":"free_disc"},{"__meta":{"schema_version":-1,"schema_name":"ColumnSpecsBase","schema_type":"Iced"},"name":"max_disc","type":"long","format":"%d","description":"max_disc"},{"__meta":{"schema_version":-1,"schema_name":"ColumnSpecsBase","schema_type":"Iced"},"name":"pid","type":"int","format":"%d","description":"pid"},{"__meta":{"schema_version":-1,"schema_name":"ColumnSpecsBase","schema_type":"Iced"},"name":"num_keys","type":"int","format":"%d","description":"num_keys"},{"__meta":{"schema_version":-1,"schema_name":"ColumnSpecsBase","schema_type":"Iced"},"name":"tcps_active","type":"string","format":"%s","description":"tcps_active"},{"__meta":{"schema_version":-1,"schema_name":"ColumnSpecsBase","schema_type":"Iced"},"name":"open_fds","type":"int","format":"%d","description":"open_fds"},{"__meta":{"schema_version":-1,"schema_name":"ColumnSpecsBase","schema_type":"Iced"},"name":"rpcs_active","type":"string","format":"%s","description":"rpcs_active"},{"__meta":{"schema_version":-1,"schema_name":"ColumnSpecsBase","schema_type":"Iced"},"name":"nthreads","type":"int","format":"%d","description":"nthreads"},{"__meta":{"schema_version":-1,"schema_name":"ColumnSpecsBase","schema_type":"Iced"},"name":"is_leader","type":"string","format":"%s","description":"is_leader"},{"__meta":{"schema_version":-1,"schema_name":"ColumnSpecsBase","schema_type":"Iced"},"name":"total_mem","type":"long","format":"%d","description":"total_mem"},{"__meta":{"schema_version":-1,"schema_name":"ColumnSpecsBase","schema_type":"Iced"},"name":"max_mem","type":"long","format":"%d","description":"max_mem"},{"__meta":{"schema_version":-1,"schema_name":"ColumnSpecsBase","schema_type":"Iced"},"name":"java_version","type":"string","format":"%s","description":"java_version"},{"__meta":{"schema_version":-1,"schema_name":"ColumnSpecsBase","schema_type":"Iced"},"name":"jvm_launch_parameters","type":"string","format":"%s","description":"jvm_launch_parameters"},{"__meta":{"schema_version":-1,"schema_name":"ColumnSpecsBase","schema_type":"Iced"},"name":"os_version","type":"string","format":"%s","description":"os_version"},{"__meta":{"schema_version":-1,"schema_name":"ColumnSpecsBase","schema_type":"Iced"},"name":"machine_physical_mem","type":"long","format":"%d","description":"machine_physical_mem"},{"__meta":{"schema_version":-1,"schema_name":"ColumnSpecsBase","schema_type":"Iced"},"name":"machine_locale","type":"string","format":"%s","description":"machine_locale"}],"rowcount":1,"data":[[""],[0],["127.0.0.1:54321"],["true"],["1647366998547"],[12],[0.6655446],[720775774],[37326982006],[129845804],[0],[39201013760],[248934039552],[17000],[22112],["\u0000"],[-1],["\u0000"],[12],["true"],[12302942208],[38177603584],["Java 1.8.0_231 (from Oracle Corporation)"],["[-Xmx40g, -ea]"],["Windows 10 10.0 (amd64)"],[68564684800],["en_US"]]},{"__meta":{"schema_version":3,"schema_name":"TwoDimTableV3","schema_type":"TwoDimTable"},"name":"Cluster Configuration","description":"","columns":[{"__meta":{"schema_version":-1,"schema_name":"ColumnSpecsBase","schema_type":"Iced"},"name":"","type":"string","format":"%s","description":""},{"__meta":{"schema_version":-1,"schema_name":"ColumnSpecsBase","schema_type":"Iced"},"name":"h2o_cluster_uptime","type":"long","format":"%d","description":"H2O cluster uptime"},{"__meta":{"schema_version":-1,"schema_name":"ColumnSpecsBase","schema_type":"Iced"},"name":"h2o_cluster_timezone","type":"string","format":"%s","description":"H2O cluster timezone"},{"__meta":{"schema_version":-1,"schema_name":"ColumnSpecsBase","schema_type":"Iced"},"name":"h2o_data_parsing_timezone","type":"string","format":"%s","description":"H2O data parsing timezone"},{"__meta":{"schema_version":-1,"schema_name":"ColumnSpecsBase","schema_type":"Iced"},"name":"h2o_cluster_version","type":"string","format":"%s","description":"H2O cluster version"},{"__meta":{"schema_version":-1,"schema_name":"ColumnSpecsBase","schema_type":"Iced"},"name":"h2o_cluster_version_age","type":"string","format":"%s","description":"H2O cluster version age"},{"__meta":{"schema_version":-1,"schema_name":"ColumnSpecsBase","schema_type":"Iced"},"name":"h2o_cluster_name","type":"string","format":"%s","description":"H2O cluster name"},{"__meta":{"schema_version":-1,"schema_name":"ColumnSpecsBase","schema_type":"Iced"},"name":"h2o_cluster_total_nodes","type":"int","format":"%d","description":"H2O cluster total nodes"},{"__meta":{"schema_version":-1,"schema_name":"ColumnSpecsBase","schema_type":"Iced"},"name":"h2o_cluster_free_memory","type":"long","format":"%d","description":"H2O cluster free memory"},{"__meta":{"schema_version":-1,"schema_name":"ColumnSpecsBase","schema_type":"Iced"},"name":"h2o_cluster_total_cores","type":"int","format":"%d","description":"H2O cluster total cores"},{"__meta":{"schema_version":-1,"schema_name":"ColumnSpecsBase","schema_type":"Iced"},"name":"h2o_cluster_allowed_cores","type":"int","format":"%d","description":"H2O cluster allowed cores"},{"__meta":{"schema_version":-1,"schema_name":"ColumnSpecsBase","schema_type":"Iced"},"name":"h2o_cluster_status","type":"string","format":"%s","description":"H2O cluster status"},{"__meta":{"schema_version":-1,"schema_name":"ColumnSpecsBase","schema_type":"Iced"},"name":"h2o_internal_security","type":"string","format":"%s","description":"H2O internal security"},{"__meta":{"schema_version":-1,"schema_name":"ColumnSpecsBase","schema_type":"Iced"},"name":"h2o_api_extensions","type":"string","format":"%s","description":"H2O API Extensions"}],"rowcount":1,"data":[[""],[3478898],["America/Los_Angeles"],["UTC"],["3.36.0.1"],["2 months and 14 days"],["H2O_started_from_R_Weixi_wfa076"],[1],[37326982006],[12],[12],["locked, healthly"],["false"],["Amazon S3, Algos, Infogram, AutoML, Core V3, TargetEncoder, Core V4"]]},{"__meta":{"schema_version":3,"schema_name":"TwoDimTableV3","schema_type":"TwoDimTable"},"name":"Input Frames Information","description":"","columns":[{"__meta":{"schema_version":-1,"schema_name":"ColumnSpecsBase","schema_type":"Iced"},"name":"","type":"string","format":"%s","description":""},{"__meta":{"schema_version":-1,"schema_name":"ColumnSpecsBase","schema_type":"Iced"},"name":"input_frame","type":"string","format":"%s","description":"Input Frame"},{"__meta":{"schema_version":-1,"schema_name":"ColumnSpecsBase","schema_type":"Iced"},"name":"checksum","type":"long","format":"%d","description":"Checksum"},{"__meta":{"schema_version":-1,"schema_name":"ColumnSpecsBase","schema_type":"Iced"},"name":"espc","type":"string","format":"%d","description":"ESPC"}],"rowcount":3,"data":[["","",""],["training_frame","validation_frame","calibration_frame"],[3917799606149427097,8461095919447145716,-1],["[0, 3128, 6256, 9384, 12512, 15640, 18768, 21895, 25022, 28149, 31276, 34403, 37530]","[0, 548, 1134, 1660, 2220, 2784, 3358, 3883, 4449, 4753]","-1"]]}],"training_metrics":{"__meta":{"schema_version":3,"schema_name":"ModelMetricsRegressionV3","schema_type":"ModelMetricsRegression"},"model":{"__meta":{"schema_version":3,"schema_name":"ModelKeyV3","schema_type":"Key<Model>"},"name":"GBM_grid_1_AutoML_2_20220315_103832_model_14","type":"Key<Model>","URL":"/3/Models/GBM_grid_1_AutoML_2_20220315_103832_model_14"},"model_checksum":-7542467547130119712,"frame":{"__meta":{"schema_version":3,"schema_name":"FrameKeyV3","schema_type":"Key<Frame>"},"name":"AutoML_2_20220315_103832_training_RTMP_sid_8a2c_205","type":"Key<Frame>","URL":"/3/Frames/AutoML_2_20220315_103832_training_RTMP_sid_8a2c_205"},"frame_checksum":-6230941639438154755,"description":null,"model_category":"Regression","scoring_time":1647367011938,"predictions":null,"MSE":1.174668261487619,"RMSE":1.0838211390665984,"nobs":37530,"custom_metric_name":null,"custom_metric_value":0.0,"r2":0.9908929582915614,"mean_residual_deviance":1.174668261487619,"mae":0.7406086880271987,"rmsle":0.02246312320787866},"validation_metrics":{"__meta":{"schema_version":3,"schema_name":"ModelMetricsRegressionV3","schema_type":"ModelMetricsRegression"},"model":{"__meta":{"schema_version":3,"schema_name":"ModelKeyV3","schema_type":"Key<Model>"},"name":"GBM_grid_1_AutoML_2_20220315_103832_model_14","type":"Key<Model>","URL":"/3/Models/GBM_grid_1_AutoML_2_20220315_103832_model_14"},"model_checksum":-7542467547130119712,"frame":null,"frame_checksum":0,"description":null,"model_category":"Regression","scoring_time":1647367011939,"predictions":null,"MSE":40.39746477460741,"RMSE":6.355899997215769,"nobs":4753,"custom_metric_name":null,"custom_metric_value":0.0,"r2":0.6933150991293727,"mean_residual_deviance":40.39746477460741,"mae":4.754405943588005,"rmsle":0.12875860470268993},"cross_validation_metrics":{"__meta":{"schema_version":3,"schema_name":"ModelMetricsRegressionV3","schema_type":"ModelMetricsRegression"},"model":{"__meta":{"schema_version":3,"schema_name":"ModelKeyV3","schema_type":"Key<Model>"},"name":"GBM_grid_1_AutoML_2_20220315_103832_model_14","type":"Key<Model>","URL":"/3/Models/GBM_grid_1_AutoML_2_20220315_103832_model_14"},"model_checksum":-7542467547130119712,"frame":{"__meta":{"schema_version":3,"schema_name":"FrameKeyV3","schema_type":"Key<Frame>"},"name":"AutoML_2_20220315_103832_training_RTMP_sid_8a2c_205","type":"Key<Frame>","URL":"/3/Frames/AutoML_2_20220315_103832_training_RTMP_sid_8a2c_205"},"frame_checksum":-6230941639438154755,"description":"10-fold cross-validation on training data (Metrics computed for combined holdout predictions)","model_category":"Regression","scoring_time":1647367011942,"predictions":null,"MSE":40.12632670953705,"RMSE":6.334534450891955,"nobs":37530,"custom_metric_name":null,"custom_metric_value":0.0,"r2":0.6889060997634687,"mean_residual_deviance":40.12632670953705,"mae":4.765166081520361,"rmsle":0.1296850650137481},"cross_validation_metrics_summary":{"__meta":{"schema_version":3,"schema_name":"TwoDimTableV3","schema_type":"TwoDimTable"},"name":"Cross-Validation Metrics Summary","description":"","columns":[{"__meta":{"schema_version":-1,"schema_name":"ColumnSpecsBase","schema_type":"Iced"},"name":"","type":"string","format":"%s","description":""},{"__meta":{"schema_version":-1,"schema_name":"ColumnSpecsBase","schema_type":"Iced"},"name":"mean","type":"float","format":"%f","description":"mean"},{"__meta":{"schema_version":-1,"schema_name":"ColumnSpecsBase","schema_type":"Iced"},"name":"sd","type":"float","format":"%f","description":"sd"},{"__meta":{"schema_version":-1,"schema_name":"ColumnSpecsBase","schema_type":"Iced"},"name":"cv_1_valid","type":"float","format":"%f","description":"cv_1_valid"},{"__meta":{"schema_version":-1,"schema_name":"ColumnSpecsBase","schema_type":"Iced"},"name":"cv_2_valid","type":"float","format":"%f","description":"cv_2_valid"},{"__meta":{"schema_version":-1,"schema_name":"ColumnSpecsBase","schema_type":"Iced"},"name":"cv_3_valid","type":"float","format":"%f","description":"cv_3_valid"},{"__meta":{"schema_version":-1,"schema_name":"ColumnSpecsBase","schema_type":"Iced"},"name":"cv_4_valid","type":"float","format":"%f","description":"cv_4_valid"},{"__meta":{"schema_version":-1,"schema_name":"ColumnSpecsBase","schema_type":"Iced"},"name":"cv_5_valid","type":"float","format":"%f","description":"cv_5_valid"},{"__meta":{"schema_version":-1,"schema_name":"ColumnSpecsBase","schema_type":"Iced"},"name":"cv_6_valid","type":"float","format":"%f","description":"cv_6_valid"},{"__meta":{"schema_version":-1,"schema_name":"ColumnSpecsBase","schema_type":"Iced"},"name":"cv_7_valid","type":"float","format":"%f","description":"cv_7_valid"},{"__meta":{"schema_version":-1,"schema_name":"ColumnSpecsBase","schema_type":"Iced"},"name":"cv_8_valid","type":"float","format":"%f","description":"cv_8_valid"},{"__meta":{"schema_version":-1,"schema_name":"ColumnSpecsBase","schema_type":"Iced"},"name":"cv_9_valid","type":"float","format":"%f","description":"cv_9_valid"},{"__meta":{"schema_version":-1,"schema_name":"ColumnSpecsBase","schema_type":"Iced"},"name":"cv_10_valid","type":"float","format":"%f","description":"cv_10_valid"}],"rowcount":7,"data":[["mae","mean_residual_deviance","mse","r2","residual_deviance","rmse","rmsle"],[4.7631083,40.15471,40.15471,0.68862367,40.15471,6.336313,0.1297036],[0.06881852,1.0189006,1.0189006,0.0065715676,1.0189006,0.08063877,0.0019537257],[4.8235874,41.07987,41.07987,0.68274194,41.07987,6.409358,0.13153379],[4.6831474,38.997524,38.997524,0.6912353,38.997524,6.2447996,0.12718262],[4.74693,40.029766,40.029766,0.6877629,40.029766,6.326908,0.12885167],[4.8479114,41.293102,41.293102,0.685327,41.293102,6.425971,0.13078551],[4.7804594,40.71755,40.71755,0.6839877,40.71755,6.38103,0.13118298],[4.7960696,40.634357,40.634357,0.69123715,40.634357,6.3745084,0.13105029],[4.636621,38.302498,38.302498,0.70432323,38.302498,6.1889014,0.12635483],[4.84268,41.274746,41.274746,0.68119484,41.274746,6.4245424,0.13190977],[4.74006,39.67567,39.67567,0.68763775,39.67567,6.298863,0.13007234],[4.7336183,39.542023,39.542023,0.69078887,39.542023,6.2882447,0.1281122]]},"status":null,"start_time":1647366999056,"end_time":1647367011941,"run_time":12885,"default_threshold":0.5,"help":{"domains":"Domains for categorical columns", "__meta":"Metadata on this schema instance, to make it self-describing.", "help":"Help information for output fields", "training_metrics":"Training data model metrics", "cross_validation_models":"Cross-validation models (model ids)", "cross_validation_predictions":"Cross-validation predictions, one per cv model (deprecated, use cross_validation_holdout_predictions_frame_id instead)", "cross_validation_metrics_summary":"Cross-validation model metrics summary", "status":"Job status", "reproducibility_information_table":"Model reproducibility information", "variable_importances":"Variable Importances", "model_summary":"Model summary", "end_time":"End time in milliseconds", "names":"Column names", "cross_validation_fold_assignment_frame_id":"Cross-validation fold assignment (each row is assigned to one holdout fold)", "run_time":"Runtime in milliseconds", "default_threshold":"Default threshold used for predictions", "scoring_history":"Scoring history", "cross_validation_holdout_predictions_frame_id":"Cross-validation holdout predictions (full out-of-sample predictions on training data)", "init_f":"The Intercept term, the initial model function value to which trees make adjustments", "model_category":"Category of the model (e.g., Binomial)", "column_types":"Column types", "original_names":"Original column names", "start_time":"Start time in milliseconds", "cv_scoring_history":"Cross-Validation scoring history", "cross_validation_metrics":"Cross-validation model metrics", "validation_metrics":"Validation data model metrics"},"variable_importances":{"__meta":{"schema_version":3,"schema_name":"TwoDimTableV3","schema_type":"TwoDimTable"},"name":"Variable Importances","description":"","columns":[{"__meta":{"schema_version":-1,"schema_name":"ColumnSpecsBase","schema_type":"Iced"},"name":"variable","type":"string","format":"%s","description":"Variable"},{"__meta":{"schema_version":-1,"schema_name":"ColumnSpecsBase","schema_type":"Iced"},"name":"relative_importance","type":"double","format":"%5f","description":"Relative Importance"},{"__meta":{"schema_version":-1,"schema_name":"ColumnSpecsBase","schema_type":"Iced"},"name":"scaled_importance","type":"double","format":"%5f","description":"Scaled Importance"},{"__meta":{"schema_version":-1,"schema_name":"ColumnSpecsBase","schema_type":"Iced"},"name":"percentage","type":"double","format":"%5f","description":"Percentage"}],"rowcount":76,"data":[["Pep_MW","X17","Charge","Pep_length","X8","Pep_hmoment160","X3","Pep_hmoment100","KF7","Pep_InstabilityIndex","Pep_aIndex","KF5","VHSE8","KF10","F1","KF9","KF6","ST2","ST7","KF1","VHSE4","X12","Z5","KF8","F2","F5","VHSE7","Pep_predicted_charge","ST8","Z3","MSWHIM3","KF3","VHSE6","Pep_hydrophobicity","Z4","T3","ST6","T2","ST4","MSWHIM2","T4","F4","F6","PP3","ST3","T5","MSWHIM1","X5","F3","ST5","Z1","VHSE2","X2","PP2","VHSE5","VHSE1","VHSE3","KF4","Z2","X10","X11","X6","PP1","X16","PeP_pI","KF2","X13","ST1","T1","X14","X15","X18","X1","X7","X4","X9"],[6960608.0,6434757.0,2893870.75,576066.6875,291416.75,238233.546875,236517.609375,228615.984375,205011.96875,182540.375,176837.34375,175480.515625,171346.34375,168890.390625,161220.078125,158926.0625,158560.078125,158421.96875,157702.5,157033.734375,151041.34375,148924.46875,144818.015625,140361.9375,138107.796875,136282.734375,135180.625,134701.078125,134550.46875,134012.59375,131204.53125,130100.203125,129105.9921875,125226.828125,119971.3125,117991.328125,117384.0078125,115786.3203125,115522.46875,113777.7421875,113760.421875,112540.6796875,111764.8359375,108224.6796875,107782.578125,106076.703125,105859.53125,103607.7734375,101241.890625,100743.8828125,100186.390625,96828.3359375,96224.1953125,92402.140625,92362.2109375,91420.3359375,89646.1171875,89502.2109375,86210.59375,81016.4609375,76915.1328125,75468.1171875,75346.1796875,72726.1484375,57775.90234375,54548.37890625,52414.16796875,52350.95703125,51052.01953125,37160.65234375,36421.26953125,34896.72265625,34234.4609375,18389.26171875,18040.130859375,11959.455078125],[1.0,0.9244532948845848,0.41574970893347246,0.0827609725328592,0.04186656539198875,0.03422596802966063,0.03397944682059383,0.03284425503849664,0.02945316971592137,0.026224774473724136,0.02540544500566617,0.025210515464310013,0.02461657713665243,0.024263741130803516,0.02316178100030917,0.022832209844312452,0.022779630475527425,0.022759788907808054,0.022656425990373253,0.022560347368362075,0.021699446908948185,0.021395324769043163,0.020805368672535504,0.020165183486844828,0.019841340997079567,0.019579142278232018,0.019420807061681967,0.019351912666968174,0.01933027527911355,0.01925300113869363,0.01884957912440982,0.018690925149785764,0.0185480912281657,0.017990788753654854,0.0172357518912141,0.016951296226565264,0.016864045182906434,0.01663451243231913,0.016596606036426702,0.016345948829110904,0.016343460495835994,0.016168225489425637,0.01605676342318085,0.015548164713125635,0.015484649922104505,0.01523957434824659,0.015208374218171746,0.014884874056619767,0.014544978057232932,0.014473431460656884,0.014393339005012206,0.013910902027164869,0.013824107795252944,0.01327500997398503,0.013269273451040484,0.013133958403849203,0.012879064183401795,0.0128583898040947,0.01238549761026623,0.011639279347077152,0.011050059536824945,0.01084217315319294,0.01082465492777355,0.010448246537874278,0.008300410300903312,0.00783672617481835,0.007530113456863251,0.007521032218916796,0.007334419569562027,0.005338707817442097,0.005232483934054324,0.005013458976033416,0.004918314741686358,0.002641904517356817,0.002591746419188525,0.0017181624188756211],[0.27563259826958897,0.2548094636479206,0.11459417250315837,0.022811621894550067,0.011539790199617511,0.009433792496307243,0.009365843214923602,0.009052947354489867,0.008118253696074579,0.007228402727226576,0.007002568817106919,0.006948839881143423,0.0067851311166792685,0.006687878011624068,0.0063841418776664155,0.006293301323624328,0.006278808735590737,0.0062733397527265046,0.006244849563229226,0.006218367163006122,0.005981074932526389,0.005897248956913061,0.00573463782516767,0.00555818191906205,0.005468920372177958,0.00539664985803905,0.005353007510903783,0.005334017969882609,0.005328054000448472,0.005306754728345481,0.005195558470349283,0.0051518282630978575,0.005112458578160684,0.004958847849089188,0.004750735076905325,0.004672329822965664,0.004648280591100247,0.004585013882667902,0.004574565644277037,0.004505476346949584,0.0045047904811836605,0.004456490001058985,0.004425767422131437,0.004285581038202357,0.004268074291324654,0.004200523474129786,0.004191923701210907,0.0041027565111417036,0.004009070093689272,0.00398934951937767,0.003967273427726535,0.003834298070021145,0.003810374750364448,0.003659025491184203,0.0036574443184599643,0.0036201470804176597,0.003549889924151839,0.0035441913912658135,0.003413846887179466,0.0032081648084204407,0.0030457566211687104,0.002988456357103352,0.002983627763113934,0.0028798773405955247,0.0022878636579416406,0.002160057197492479,0.0020755447373800146,0.0020730416521693284,0.0020216051227577017,0.0014715219071237318,0.001442243142147274,0.0013818727238820833,0.0013556478713586332,7.28195006499224E-4,7.143697995768365E-4,4.7358157176384937E-4]]},"init_f":46.07797628231472},"compatible_frames":null}
